order_id,customer_id,order_date,total_amount
1,463,2024-07-29 23:43:26,84.62
2,685,2022-09-30 16:37:17,330.41
3,40,2022-07-07 20:53:06,63.68
4,954,2021-09-18 07:10:00,196.46
5,737,2023-06-10 06:41:46,96.75
6,688,2023-12-02 11:49:25,80.06
7,161,2024-01-30 11:39:01,394.56
8,266,2024-10-09 03:20:15,218.42
9,988,2024-05-13 17:22:59,48.98
10,463,2025-06-03 01:08:07,326.14
11,416,2023-02-13 08:16:08,374.23
12,838,2025-12-30 03:19:08,385.96
13,188,2021-07-11 09:27:36,200.3
14,64,2025-12-25 23:20:00,253.82
15,445,2023-12-15 15:01:05,250.75
16,228,2023-08-13 20:32:01,255.45
17,145,2022-04-27 09:13:50,339.38
18,340,2023-12-23 04:50:10,203.24
19,118,2025-01-06 11:24:03,197.37
20,271,2023-01-11 01:30:55,60.16
21,880,2024-04-17 18:26:37,141.87
22,685,2022-09-13 08:28:09,59.39
23,699,2022-03-21 19:59:58,374.84
24,521,2025-08-22 19:35:10,50.01
25,529,2023-07-11 08:26:18,373.51
26,65,2023-01-13 12:31:12,312.5
27,782,2023-10-01 21:46:37,292.53
28,683,2022-10-30 07:28:15,73.09
29,514,2022-05-25 04:34:03,54.42
30,227,2021-07-10 11:06:51,196.97
31,567,2022-04-20 20:41:15,44.49
32,451,2025-12-06 16:21:49,18.56
33,85,2021-09-09 05:41:30,290.61
34,174,2024-02-25 23:21:35,154.72
35,709,2021-09-12 18:30:40,323.63
36,267,2024-11-10 07:05:51,19.53
37,361,2021-09-28 22:47:41,236.13
38,228,2023-07-04 02:39:44,311.13
39,414,2023-07-20 14:17:36,276.09
40,599,2025-03-25 04:18:45,225.35
41,349,2023-09-02 06:45:01,265.66
42,652,2025-08-04 16:55:36,43.49
43,332,2024-12-29 02:52:24,339.87
44,463,2024-12-09 15:20:51,69.23
45,754,2024-01-13 13:39:10,373.67
46,807,2021-09-04 17:59:58,190.06
47,24,2025-03-30 20:49:51,66.02
48,271,2022-12-01 21:05:23,238.39
49,232,2025-12-12 10:01:49,138.89
50,563,2022-11-17 19:53:29,210.97
51,294,2023-07-10 02:36:23,117.88
52,395,2025-12-19 12:34:31,380.3
53,470,2025-04-08 07:56:42,55.42
54,284,2025-06-02 04:29:19,58.83
55,722,2024-06-26 17:00:43,230.15
56,92,2021-08-24 21:28:18,348.29
57,965,2021-08-06 10:30:27,238.17
58,419,2024-01-22 04:00:46,61.7
59,476,2024-01-05 21:10:53,250.92
60,393,2024-12-14 16:31:44,170.25
61,791,2022-09-03 08:09:08,138.42
62,838,2024-07-19 18:16:22,399.46
63,173,2024-02-18 08:04:32,18.69
64,385,2021-03-08 15:02:50,70.88
65,41,2021-02-17 08:41:00,363.28
66,40,2021-05-10 20:36:48,76.15
67,496,2023-07-21 23:48:42,193.07
68,450,2021-02-27 14:47:31,156.16
69,422,2023-01-23 16:28:31,292.11
70,88,2023-10-22 05:15:45,134.48
71,985,2023-10-09 01:45:44,290.88
72,441,2025-06-18 10:35:17,245.25
73,63,2025-12-12 21:02:15,90.96
74,294,2024-11-23 05:50:08,378.01
75,395,2025-10-26 11:54:58,78.91
76,445,2025-05-11 14:37:52,90.22
77,610,2021-04-25 13:52:36,284.05
78,77,2025-01-07 21:12:25,137.91
79,20,2022-08-05 09:00:58,47.18
80,122,2022-10-20 22:14:24,123.35
81,617,2021-02-04 08:43:34,66.34
82,879,2022-06-20 21:44:08,244.88
83,675,2025-07-18 00:16:10,363.02
84,267,2025-04-03 23:00:45,182.51
85,633,2023-07-14 03:53:53,67.99
86,496,2022-07-31 08:56:51,25.08
87,867,2023-12-09 21:39:41,265.15
88,548,2022-05-06 14:22:07,114.48
89,358,2025-09-14 08:31:59,169.84
90,521,2024-10-18 21:48:12,146.2
91,378,2022-11-09 17:24:26,200.84
92,503,2021-01-26 01:56:33,316.7
93,462,2021-12-30 02:07:39,227.0
94,953,2023-10-07 15:42:43,183.44
95,951,2024-12-30 16:20:19,350.41
96,952,2021-09-05 09:38:21,21.62
97,783,2022-12-10 04:28:33,302.65
98,118,2022-12-09 01:09:28,238.59
99,199,2023-02-02 03:27:57,304.75
100,166,2024-02-02 11:44:43,137.82
101,718,2024-12-07 12:37:34,275.81
102,399,2022-03-28 15:40:37,47.34
103,339,2021-07-20 04:53:36,124.05
104,805,2025-03-08 04:01:16,271.15
105,470,2022-07-28 07:53:26,120.87
106,535,2024-07-05 03:04:01,350.71
107,242,2025-03-20 20:41:51,164.03
108,58,2021-07-13 15:52:13,311.03
109,100,2022-04-25 13:36:22,313.63
110,935,2023-04-16 15:12:16,269.61
111,712,2021-09-01 12:10:15,50.93
112,944,2025-02-15 15:59:16,282.17
113,459,2024-01-26 22:57:36,75.43
114,410,2022-09-23 08:07:12,314.61
115,477,2022-12-15 15:38:14,45.65
116,729,2025-09-03 22:28:00,340.52
117,743,2022-12-14 22:23:40,57.59
118,142,2022-07-07 06:03:18,300.99
119,836,2024-10-01 23:00:26,200.38
120,843,2023-06-19 19:56:25,45.74
121,862,2024-03-22 21:14:00,394.12
122,949,2022-12-17 00:40:46,383.6
123,593,2025-04-19 12:59:29,195.43
124,48,2025-08-02 13:54:55,146.06
125,592,2024-05-13 06:45:43,329.62
126,509,2024-08-26 20:29:27,304.55
127,650,2021-08-07 03:33:03,104.65
128,230,2022-09-21 22:42:10,185.8
129,33,2023-02-25 14:53:28,120.8
130,504,2021-09-29 01:06:42,170.95
131,458,2024-05-28 18:36:03,258.2
132,806,2021-10-26 22:21:02,344.4
133,702,2023-07-27 17:31:02,372.03
134,56,2022-02-13 02:27:52,360.1
135,295,2021-02-08 18:25:55,71.48
136,565,2022-11-25 03:56:49,73.84
137,454,2023-12-22 21:33:21,68.38
138,480,2024-08-07 20:37:10,217.94
139,507,2021-07-30 16:13:33,173.43
140,794,2022-06-25 09:15:36,320.67
141,530,2025-03-18 03:09:21,75.28
142,378,2022-07-31 10:53:25,315.18
143,945,2024-01-29 15:25:15,347.64
144,24,2021-03-11 11:33:33,201.01
145,630,2024-11-25 10:39:27,140.57
146,757,2023-04-05 09:49:31,124.09
147,2,2021-08-31 14:57:01,329.24
148,104,2024-07-09 20:55:41,154.47
149,431,2022-09-01 20:42:34,35.29
150,504,2024-08-27 22:51:56,273.89
151,25,2024-04-11 16:53:33,83.44
152,798,2025-04-07 08:24:49,194.61
153,171,2023-08-04 20:29:02,220.45
154,178,2023-06-25 06:41:11,114.14
155,256,2022-07-06 19:52:29,369.27
156,250,2021-05-10 08:15:56,340.94
157,995,2023-12-26 02:14:05,176.84
158,510,2024-10-13 02:00:17,361.87
159,47,2021-11-25 18:38:00,59.54
160,483,2021-05-22 04:12:58,79.93
161,119,2023-12-28 06:17:11,396.26
162,475,2023-12-29 06:10:43,358.41
163,284,2023-07-19 04:25:31,167.01
164,419,2022-04-08 01:23:57,98.27
165,997,2025-11-10 02:13:27,309.35
166,688,2023-06-01 14:59:03,226.95
167,248,2024-11-02 06:59:23,158.51
168,887,2022-08-15 18:37:31,324.58
169,432,2025-08-10 14:15:11,315.7
170,501,2021-05-27 04:16:18,147.16
171,548,2024-04-10 21:33:35,364.0
172,452,2025-02-11 17:53:51,151.69
173,731,2023-03-18 22:56:16,355.87
174,173,2022-12-03 08:37:42,90.09
175,521,2021-12-25 05:20:52,56.16
176,201,2023-06-10 13:17:06,145.86
177,297,2021-03-17 15:17:20,64.4
178,904,2024-08-06 17:26:44,72.79
179,477,2022-08-23 06:03:51,54.4
180,467,2025-08-11 12:38:51,16.61
181,165,2024-10-04 12:02:08,257.12
182,322,2024-07-24 14:09:33,254.98
183,4,2021-07-07 17:26:34,325.74
184,86,2023-09-09 09:46:19,73.15
185,91,2021-12-22 07:40:53,271.11
186,421,2025-12-08 04:44:15,160.37
187,657,2021-05-21 10:19:24,171.89
188,594,2023-05-29 22:02:33,18.57
189,392,2024-03-14 14:52:41,16.65
190,591,2022-08-18 04:27:07,23.06
191,859,2024-01-20 00:17:44,17.82
192,693,2024-07-25 06:15:36,307.54
193,571,2024-03-01 13:24:26,80.62
194,30,2024-12-13 00:07:34,120.27
195,977,2023-06-27 01:35:09,214.94
196,93,2021-04-21 22:40:17,18.51
197,12,2021-12-08 19:25:37,117.25
198,389,2021-05-03 10:56:11,50.66
199,740,2024-10-25 19:33:32,219.53
200,930,2024-02-24 01:30:01,209.04
201,57,2025-08-26 19:26:34,133.83
202,297,2022-06-14 04:15:14,249.06
203,262,2024-02-09 21:01:29,395.23
204,423,2025-10-19 20:06:18,254.17
205,21,2023-01-15 22:21:30,216.89
206,235,2023-05-12 10:29:55,118.06
207,194,2022-07-15 11:10:44,97.3
208,411,2023-12-27 12:10:38,351.51
209,733,2022-12-13 22:35:21,161.63
210,591,2024-05-29 12:17:40,243.23
211,304,2022-07-02 14:11:55,20.84
212,900,2021-10-11 08:43:34,310.79
213,595,2021-03-17 02:39:43,213.87
214,204,2025-02-02 09:43:11,308.33
215,509,2022-09-01 01:49:00,222.6
216,180,2021-12-12 23:32:00,18.97
217,78,2025-04-25 00:32:50,330.25
218,860,2023-11-17 19:24:13,185.51
219,174,2025-07-19 13:43:00,354.17
220,532,2025-04-18 04:46:22,116.97
221,447,2022-07-04 17:50:24,216.48
222,448,2021-06-22 15:45:01,371.87
223,793,2024-08-11 21:31:02,35.32
224,135,2022-02-08 12:51:46,97.29
225,799,2023-03-13 19:13:10,266.79
226,278,2023-12-26 10:43:16,148.92
227,725,2023-04-10 07:05:24,23.38
228,543,2022-07-29 10:19:46,270.38
229,949,2022-07-13 12:11:21,102.76
230,78,2021-01-30 18:08:18,254.9
231,51,2021-07-24 14:38:28,386.1
232,979,2024-09-30 05:01:18,82.38
233,897,2025-02-08 23:08:32,361.1
234,117,2025-07-18 21:33:57,285.91
235,219,2024-07-26 05:25:36,218.2
236,320,2022-09-19 16:50:11,129.51
237,49,2025-07-09 22:09:49,133.28
238,952,2025-03-23 09:12:10,279.97
239,467,2023-09-20 18:23:51,22.22
240,144,2024-06-17 09:22:10,207.94
241,860,2025-04-27 07:48:50,140.89
242,33,2021-07-07 17:45:30,108.17
243,371,2023-07-14 04:14:53,81.03
244,984,2025-03-13 04:09:29,143.4
245,317,2023-06-07 14:10:48,288.13
246,520,2024-07-21 07:05:22,317.03
247,104,2025-06-04 00:53:12,129.15
248,926,2021-07-22 14:44:35,90.48
249,773,2025-10-21 23:31:19,295.66
250,483,2023-04-09 06:54:37,289.22
251,237,2023-08-10 06:37:54,125.51
252,163,2025-01-24 13:01:00,144.89
253,371,2021-03-18 19:39:25,107.81
254,308,2023-05-11 10:38:30,124.8
255,710,2022-02-24 19:47:21,44.49
256,542,2024-11-07 01:30:26,322.01
257,320,2022-11-09 07:53:18,269.66
258,963,2022-10-30 14:50:33,187.12
259,193,2022-05-23 11:04:09,388.55
260,501,2024-07-04 08:40:23,42.87
261,710,2023-04-15 07:28:28,337.94
262,208,2021-03-01 14:36:28,264.7
263,194,2025-08-06 04:42:44,49.06
264,668,2021-02-07 05:01:53,352.04
265,234,2022-09-10 06:37:47,45.2
266,3,2022-05-15 18:24:48,390.88
267,392,2024-10-23 16:38:41,257.02
268,708,2022-08-30 14:35:23,282.13
269,657,2024-12-04 11:50:14,130.46
270,866,2021-02-20 12:56:11,39.31
271,912,2021-10-21 19:01:36,311.34
272,729,2024-02-15 17:05:10,232.98
273,901,2023-01-16 23:19:05,93.56
274,423,2021-10-15 06:06:17,360.28
275,477,2025-09-18 23:10:57,257.15
276,158,2024-08-26 03:50:58,17.41
277,1000,2024-04-17 11:30:49,235.42
278,482,2025-09-11 19:49:07,153.11
279,239,2024-03-04 09:53:37,225.4
280,448,2023-09-25 06:48:40,102.19
281,273,2021-03-03 22:28:44,169.95
282,482,2024-10-13 01:24:33,201.19
283,416,2022-04-02 20:52:34,162.23
284,263,2023-02-18 15:59:04,63.15
285,706,2024-02-14 12:04:29,299.19
286,217,2022-06-12 19:09:53,332.21
287,537,2021-04-06 14:32:13,219.79
288,958,2021-10-11 17:35:43,230.66
289,68,2024-01-19 01:38:25,116.54
290,620,2021-01-07 18:48:15,38.26
291,7,2022-06-10 23:25:36,394.11
292,613,2025-11-06 12:42:57,324.14
293,447,2021-11-01 13:16:54,58.14
294,835,2025-06-20 14:14:37,234.39
295,943,2022-06-25 04:53:31,131.01
296,898,2026-01-01 18:06:22,255.43
297,156,2024-04-19 06:06:06,264.34
298,247,2022-04-30 14:20:09,278.22
299,260,2023-10-28 14:01:40,297.97
300,587,2021-10-15 02:40:08,376.72
301,605,2025-02-05 22:18:53,341.9
302,96,2025-12-27 13:09:52,93.14
303,449,2022-04-01 02:46:29,218.27
304,617,2021-10-25 14:17:39,52.61
305,808,2024-01-11 11:44:28,56.06
306,857,2021-02-11 03:21:43,76.76
307,207,2025-06-19 13:31:58,193.14
308,3,2023-01-22 20:09:00,357.82
309,551,2023-10-06 22:33:34,46.74
310,797,2022-11-13 13:39:33,74.73
311,971,2024-01-11 22:00:23,151.75
312,80,2021-10-20 20:40:59,167.77
313,360,2022-05-16 02:13:04,108.16
314,666,2023-06-22 02:21:05,243.37
315,949,2023-01-13 06:00:00,219.49
316,727,2023-08-06 22:09:17,187.7
317,499,2024-02-16 11:17:58,52.95
318,70,2021-07-28 18:37:47,99.71
319,386,2024-01-16 17:00:43,371.18
320,115,2022-03-15 08:40:07,213.59
321,828,2024-01-09 07:38:47,297.71
322,295,2024-07-16 13:27:25,228.56
323,248,2022-08-26 08:07:43,148.92
324,50,2024-06-05 15:25:27,321.97
325,403,2025-04-17 03:55:42,221.08
326,942,2025-01-16 19:06:29,335.81
327,106,2023-12-06 16:08:15,343.91
328,705,2023-05-30 14:28:36,271.81
329,718,2021-02-24 09:36:02,308.14
330,714,2023-01-30 21:16:24,91.27
331,694,2023-07-20 19:40:21,270.17
332,217,2023-12-07 07:27:34,122.63
333,521,2025-01-04 01:51:58,33.32
334,804,2021-06-06 11:49:35,151.95
335,794,2021-12-21 19:58:33,87.83
336,910,2021-04-24 08:57:35,228.59
337,572,2021-03-07 21:35:05,81.51
338,910,2021-07-04 17:03:18,297.89
339,145,2025-11-09 18:54:21,75.89
340,27,2024-04-10 06:01:42,204.84
341,845,2024-10-12 02:24:00,333.94
342,762,2025-06-12 12:31:45,203.84
343,675,2023-05-14 12:05:50,123.3
344,490,2022-09-26 23:57:16,322.42
345,721,2022-02-22 05:25:39,266.85
346,953,2024-05-19 06:36:58,215.17
347,979,2021-07-21 02:44:41,231.56
348,877,2025-09-15 09:54:09,279.82
349,254,2022-07-19 10:06:40,349.22
350,704,2025-01-04 10:20:26,158.42
351,391,2021-07-24 07:39:59,52.31
352,850,2023-06-14 12:28:20,149.23
353,437,2024-09-18 11:57:24,282.76
354,400,2023-05-11 13:00:42,332.5
355,414,2021-10-28 17:21:34,247.79
356,587,2023-06-16 10:03:59,27.1
357,64,2025-02-19 00:12:06,25.26
358,290,2024-08-31 03:00:36,152.52
359,183,2022-04-30 20:53:05,344.11
360,501,2022-12-01 13:50:06,122.77
361,553,2022-06-10 01:25:03,210.64
362,351,2023-10-26 21:08:28,134.74
363,372,2022-06-01 12:15:19,312.28
364,75,2023-06-16 19:52:44,281.64
365,970,2021-03-04 11:30:54,135.24
366,542,2021-02-08 16:05:26,373.2
367,674,2023-04-27 06:36:58,88.83
368,611,2023-04-15 13:40:39,354.03
369,195,2024-11-10 09:37:07,141.9
370,965,2025-12-21 09:06:47,379.82
371,782,2023-05-16 18:55:59,378.61
372,335,2024-06-28 22:08:59,84.14
373,182,2021-09-03 14:06:19,260.9
374,124,2025-10-30 00:25:01,217.0
375,122,2022-04-10 09:49:45,212.38
376,309,2025-06-23 10:42:41,259.5
377,634,2024-06-02 05:44:54,41.08
378,42,2023-05-05 07:19:19,348.08
379,953,2021-10-24 19:43:48,289.56
380,975,2021-09-15 14:14:32,338.93
381,746,2026-01-03 04:10:52,317.49
382,964,2021-04-04 06:52:22,75.73
383,162,2024-08-19 17:47:42,274.51
384,769,2021-11-05 02:24:09,49.86
385,190,2022-12-21 03:44:55,318.77
386,609,2023-01-06 05:35:49,43.8
387,46,2023-11-14 02:16:18,322.45
388,275,2024-12-24 02:00:53,57.61
389,305,2021-11-10 09:48:13,144.94
390,474,2022-10-03 20:46:18,351.35
391,257,2023-10-04 02:57:02,276.15
392,753,2021-09-18 12:13:05,78.81
393,548,2022-04-18 23:01:11,274.82
394,884,2021-02-06 12:54:37,244.03
395,231,2025-05-08 17:35:51,137.11
396,101,2022-12-05 16:56:03,67.25
397,400,2021-08-20 17:04:34,341.79
398,942,2021-04-03 13:25:53,353.68
399,487,2023-11-20 14:08:32,230.36
400,420,2025-09-02 03:25:53,171.76
401,749,2021-04-29 10:06:24,103.21
402,931,2023-04-16 20:20:23,243.14
403,531,2021-02-12 17:52:15,139.53
404,193,2022-04-13 14:49:36,258.46
405,110,2022-07-24 06:34:39,75.3
406,35,2021-11-01 08:38:55,62.48
407,232,2025-07-08 18:57:05,330.43
408,931,2021-06-28 09:43:51,380.44
409,987,2025-08-20 02:47:24,25.65
410,77,2023-04-30 02:19:12,174.55
411,676,2025-06-26 09:52:32,274.01
412,241,2025-08-18 14:19:05,127.78
413,298,2023-04-05 19:01:31,161.68
414,694,2023-03-26 09:13:35,59.94
415,476,2025-01-02 23:08:37,298.82
416,76,2023-12-15 21:19:49,98.32
417,192,2022-03-08 12:56:21,350.35
418,823,2025-06-29 19:41:44,258.42
419,869,2025-04-13 03:46:19,208.62
420,482,2023-10-27 16:22:22,267.29
421,941,2022-03-10 07:09:35,35.25
422,115,2021-06-16 21:19:17,247.52
423,584,2023-06-19 06:08:43,280.14
424,479,2025-07-18 04:25:55,345.2
425,778,2023-03-17 10:05:58,384.69
426,217,2021-09-10 01:03:08,166.25
427,372,2021-04-16 06:49:22,56.88
428,446,2024-10-21 23:58:46,47.71
429,206,2023-11-13 05:39:52,115.45
430,347,2022-06-21 02:57:16,217.56
431,510,2021-10-13 09:38:46,297.23
432,293,2022-08-02 18:42:50,63.03
433,100,2023-09-15 16:14:53,338.48
434,387,2022-01-20 06:29:12,296.57
435,560,2022-05-28 09:21:27,23.49
436,14,2022-03-24 22:26:18,81.93
437,372,2021-07-18 05:42:51,121.29
438,49,2025-06-09 15:27:07,102.74
439,518,2024-09-02 20:07:58,212.42
440,246,2025-04-16 12:22:46,132.12
441,495,2024-08-14 01:26:34,122.47
442,747,2025-06-26 22:09:20,99.25
443,978,2022-01-30 02:52:44,330.45
444,701,2024-09-23 19:10:25,208.2
445,97,2021-08-30 08:08:33,92.27
446,503,2025-07-16 15:07:01,272.87
447,250,2024-11-22 19:17:29,39.45
448,222,2025-01-14 19:23:02,232.37
449,89,2021-01-20 04:16:06,93.35
450,453,2024-11-02 16:15:55,234.45
451,526,2025-04-14 16:59:20,341.96
452,852,2025-03-22 17:34:45,46.24
453,140,2025-05-20 15:12:04,62.21
454,818,2021-05-26 12:43:52,237.71
455,25,2023-09-03 00:26:41,36.77
456,921,2025-07-06 09:05:00,370.0
457,374,2023-10-17 08:40:14,216.77
458,913,2021-01-18 02:24:21,114.15
459,150,2021-12-08 21:58:37,388.76
460,777,2025-01-27 07:54:31,158.77
461,712,2021-04-14 13:52:34,163.64
462,465,2024-12-21 22:54:25,183.12
463,688,2025-07-08 02:53:22,150.74
464,312,2021-11-14 21:12:20,209.27
465,563,2021-02-10 17:22:24,244.55
466,876,2024-01-24 11:39:45,283.27
467,874,2023-03-14 01:39:53,133.96
468,107,2021-06-28 20:17:40,318.5
469,73,2022-01-28 06:44:35,398.5
470,511,2023-04-27 01:41:34,168.16
471,82,2025-02-10 07:28:42,115.55
472,302,2025-02-01 06:27:46,152.67
473,986,2022-07-25 10:23:15,193.75
474,584,2023-03-18 04:47:08,369.64
475,29,2023-01-31 21:48:41,244.28
476,902,2022-02-08 22:20:36,89.94
477,507,2022-02-26 23:11:09,288.01
478,746,2025-08-05 00:12:19,263.21
479,537,2025-12-30 12:34:56,201.12
480,114,2022-07-24 02:41:02,135.89
481,963,2021-11-01 05:19:58,146.5
482,752,2022-11-28 16:27:00,153.09
483,278,2025-12-13 00:59:12,254.63
484,65,2022-12-01 05:50:08,184.33
485,856,2023-12-16 19:00:49,322.72
486,398,2024-05-16 18:13:41,30.01
487,384,2023-06-17 11:20:35,206.59
488,593,2023-04-05 00:23:21,17.12
489,436,2023-07-29 02:03:01,133.78
490,771,2022-02-06 14:59:48,295.26
491,791,2025-04-24 21:48:16,264.39
492,444,2025-08-05 16:34:17,340.17
493,128,2023-01-17 18:16:23,273.13
494,637,2021-08-27 16:00:10,89.86
495,372,2023-10-02 12:13:37,257.45
496,537,2022-09-29 17:48:29,395.32
497,783,2024-07-18 09:11:02,220.47
498,582,2022-09-22 06:28:03,250.38
499,151,2022-02-05 03:14:51,153.33
500,859,2021-04-23 13:10:53,261.7
501,220,2022-06-08 08:19:02,375.83
502,111,2025-12-17 18:19:57,26.81
503,31,2023-06-02 16:27:46,58.43
504,72,2021-08-15 03:30:37,198.56
505,753,2022-08-27 10:44:18,117.45
506,587,2023-09-23 16:08:25,285.89
507,255,2025-12-29 20:03:44,57.34
508,212,2022-12-29 09:25:38,296.87
509,221,2021-02-09 21:13:10,315.03
510,964,2024-05-04 14:44:56,85.56
511,871,2022-10-28 21:59:20,35.88
512,675,2021-04-21 18:53:19,52.46
513,771,2025-12-07 07:13:11,365.5
514,606,2022-06-16 02:00:23,203.69
515,729,2021-04-03 17:45:29,71.84
516,477,2024-02-25 04:06:36,95.85
517,980,2021-07-26 12:27:15,17.08
518,989,2025-02-10 08:01:31,278.79
519,323,2023-07-26 08:05:44,72.67
520,367,2023-09-19 18:46:15,31.74
521,973,2021-06-12 09:40:54,199.18
522,22,2023-10-16 12:43:29,294.94
523,672,2025-06-12 10:56:53,70.86
524,838,2023-10-15 02:26:20,221.06
525,499,2024-07-20 03:40:23,35.48
526,308,2023-05-09 16:50:12,367.96
527,19,2023-02-20 03:51:05,214.13
528,355,2022-11-01 22:30:54,179.45
529,28,2024-07-05 20:29:16,205.09
530,18,2024-04-05 06:12:38,83.83
531,451,2024-11-17 07:31:25,126.52
532,720,2023-10-19 19:21:23,129.66
533,177,2021-09-28 21:48:15,116.26
534,804,2023-09-28 09:49:27,336.02
535,97,2025-09-04 23:48:15,227.98
536,641,2024-10-14 06:36:31,139.98
537,405,2023-02-13 00:20:15,344.48
538,772,2025-02-10 13:22:04,188.06
539,503,2025-09-05 17:34:42,96.13
540,208,2021-10-04 14:55:30,99.59
541,540,2021-12-02 04:32:59,145.09
542,531,2023-10-30 15:36:25,386.55
543,329,2023-11-16 08:08:52,229.37
544,542,2024-11-05 15:50:17,141.33
545,732,2024-07-10 17:28:01,334.54
546,348,2023-12-05 13:56:25,373.76
547,456,2025-02-09 12:43:40,277.5
548,643,2024-03-26 11:42:54,274.55
549,662,2025-05-24 11:07:20,289.84
550,90,2024-07-29 04:52:09,42.23
551,196,2025-04-08 06:41:08,349.34
552,268,2025-12-01 06:43:41,139.95
553,552,2025-01-17 10:15:06,307.09
554,930,2024-06-12 04:59:42,100.5
555,935,2022-03-12 14:28:42,162.66
556,214,2024-06-19 18:12:28,145.34
557,787,2023-09-28 16:43:22,35.89
558,768,2022-10-05 08:57:55,173.53
559,541,2021-12-09 13:24:46,74.44
560,314,2024-07-04 10:06:44,398.57
561,708,2022-07-31 19:33:01,28.47
562,830,2022-10-10 05:09:58,284.09
563,13,2023-02-07 14:52:16,291.94
564,744,2024-05-30 11:31:16,131.29
565,109,2023-05-10 17:54:39,128.58
566,528,2022-12-03 01:28:33,265.53
567,627,2025-08-02 21:16:13,86.41
568,145,2022-05-16 22:49:35,329.17
569,787,2023-05-22 21:09:02,169.82
570,442,2021-07-15 20:12:49,186.87
571,157,2021-06-13 02:41:07,367.41
572,77,2023-07-13 14:16:56,357.5
573,846,2023-12-07 00:14:05,123.15
574,347,2022-07-21 20:59:04,109.95
575,175,2025-11-05 07:31:19,104.81
576,93,2023-10-12 12:15:08,157.16
577,867,2021-04-12 16:37:22,277.58
578,264,2024-03-21 03:33:03,44.41
579,198,2025-07-11 05:17:10,225.07
580,567,2022-11-06 14:40:59,399.36
581,434,2023-12-17 16:30:53,301.3
582,392,2021-02-02 04:57:06,168.94
583,604,2024-10-01 08:21:21,267.25
584,330,2023-03-21 22:42:44,250.42
585,667,2021-02-19 08:38:23,315.68
586,943,2022-08-28 16:33:12,326.72
587,759,2022-12-07 04:31:19,226.54
588,716,2025-04-05 22:30:51,292.19
589,598,2022-03-01 16:01:07,150.89
590,985,2022-08-09 02:03:29,162.17
591,162,2024-07-07 16:33:31,386.94
592,827,2021-01-07 12:20:11,108.25
593,473,2022-07-02 07:47:21,101.71
594,582,2022-04-15 20:30:16,333.11
595,370,2022-08-04 13:20:00,267.14
596,554,2023-05-17 10:01:34,29.46
597,540,2024-06-25 12:12:51,293.03
598,213,2023-03-27 11:51:52,300.45
599,820,2024-10-08 08:51:49,282.05
600,863,2024-04-09 23:11:08,195.44
601,468,2025-01-02 21:35:38,295.58
602,460,2023-06-10 00:41:47,293.63
603,785,2025-01-28 08:19:16,111.85
604,984,2024-06-17 02:10:20,83.02
605,388,2021-02-07 20:42:03,346.17
606,56,2022-05-15 05:54:40,60.37
607,293,2022-07-28 06:37:58,249.47
608,264,2024-09-06 00:40:12,165.96
609,850,2023-09-06 03:30:00,214.42
610,413,2021-01-27 23:45:34,343.67
611,81,2021-04-02 05:34:10,354.26
612,913,2023-11-19 03:07:40,238.54
613,129,2025-03-19 02:40:37,72.26
614,42,2021-06-14 15:54:56,307.36
615,756,2024-03-14 22:38:32,182.78
616,462,2023-09-16 08:33:00,373.79
617,706,2025-11-30 20:14:14,104.35
618,815,2025-06-30 18:47:43,324.22
619,366,2025-12-11 13:50:24,188.05
620,10,2025-11-04 21:13:28,285.64
621,948,2024-01-11 08:48:05,295.2
622,143,2021-02-02 08:35:46,252.1
623,557,2021-07-05 23:20:22,231.65
624,604,2023-02-14 04:49:11,257.7
625,445,2022-02-01 03:09:41,75.29
626,620,2022-01-28 00:28:08,24.96
627,126,2024-04-28 15:37:17,308.9
628,511,2023-11-02 22:09:26,44.7
629,794,2023-04-27 06:07:23,163.15
630,452,2023-09-06 16:30:36,327.54
631,685,2025-02-13 19:00:24,131.54
632,307,2024-08-20 17:04:22,212.71
633,80,2022-07-17 04:14:37,83.93
634,720,2021-05-28 15:33:25,67.06
635,389,2023-01-22 05:04:29,51.77
636,314,2025-03-27 22:53:59,202.2
637,782,2023-07-11 03:29:50,62.44
638,199,2023-02-19 00:15:58,371.62
639,540,2021-07-02 12:02:53,365.51
640,833,2022-05-04 20:57:02,341.4
641,314,2022-11-11 18:11:33,171.81
642,390,2023-09-20 00:46:05,212.46
643,88,2025-03-31 06:01:32,197.87
644,52,2021-04-19 13:02:35,128.55
645,854,2023-02-27 16:39:49,374.65
646,799,2023-10-30 17:41:41,363.76
647,692,2021-10-04 07:25:27,349.64
648,860,2024-02-04 09:37:39,258.99
649,641,2022-05-21 11:00:45,25.7
650,483,2024-09-26 15:55:45,314.64
651,223,2025-03-08 07:32:24,195.37
652,429,2023-03-06 00:53:22,83.27
653,826,2022-08-01 13:25:03,371.91
654,337,2025-10-05 08:04:51,251.66
655,659,2021-02-06 17:30:31,120.17
656,370,2021-03-06 18:10:29,342.73
657,827,2022-04-28 18:44:13,233.73
658,812,2021-09-02 09:09:16,93.68
659,905,2025-09-30 06:52:15,38.58
660,372,2023-01-29 11:54:51,41.94
661,317,2024-08-15 21:50:46,284.48
662,557,2021-05-24 14:00:25,49.49
663,581,2022-11-04 22:42:31,256.88
664,654,2024-05-14 10:42:16,45.14
665,147,2022-09-05 18:27:32,294.77
666,992,2024-06-04 06:11:41,63.23
667,815,2023-08-18 14:39:23,118.56
668,849,2023-09-25 01:57:45,266.43
669,43,2022-03-04 15:14:20,390.37
670,864,2024-09-27 03:53:42,57.05
671,249,2025-02-17 03:43:06,337.21
672,642,2022-05-23 01:09:31,355.77
673,133,2021-05-27 01:59:29,335.65
674,97,2021-12-06 08:18:36,383.99
675,401,2021-10-26 01:09:44,205.61
676,184,2021-12-17 14:42:41,126.56
677,15,2023-09-30 18:29:37,311.18
678,181,2024-05-24 07:21:57,288.97
679,856,2025-03-12 01:02:55,264.01
680,213,2023-09-20 20:42:54,114.28
681,216,2025-11-25 18:40:20,366.04
682,251,2025-02-01 21:50:46,23.64
683,720,2025-09-25 22:50:25,196.02
684,427,2021-03-21 17:26:48,69.91
685,60,2024-06-13 02:37:31,319.55
686,988,2021-11-05 08:55:26,341.61
687,676,2023-01-18 07:35:14,188.47
688,176,2025-07-07 02:46:15,311.34
689,495,2023-08-01 04:57:42,127.85
690,860,2024-11-10 13:57:49,105.54
691,367,2023-03-23 05:05:44,87.18
692,394,2021-03-14 21:53:59,114.17
693,979,2021-09-20 20:55:53,393.42
694,610,2021-04-06 20:10:36,30.02
695,701,2024-01-22 16:58:30,54.21
696,830,2022-02-09 02:03:52,325.17
697,668,2023-01-11 09:25:40,223.88
698,695,2023-09-11 09:36:18,103.25
699,990,2023-02-08 19:32:09,325.56
700,6,2021-08-17 20:25:36,51.52
701,971,2022-09-29 17:58:02,178.88
702,571,2025-08-19 00:45:23,24.99
703,999,2024-09-09 04:50:29,44.99
704,473,2024-09-03 03:23:34,302.74
705,509,2022-01-05 04:55:14,23.87
706,153,2023-11-01 07:37:06,53.67
707,129,2022-05-08 07:01:00,38.69
708,440,2022-05-25 21:36:26,85.01
709,520,2022-11-29 13:40:51,59.51
710,257,2025-11-18 05:50:38,396.77
711,555,2023-08-20 04:02:29,93.94
712,720,2021-08-31 20:39:29,333.71
713,452,2022-01-12 16:17:15,102.87
714,650,2024-03-09 16:26:50,313.16
715,968,2024-11-07 05:00:36,65.59
716,785,2026-01-04 00:50:10,358.05
717,152,2025-01-23 21:44:38,335.76
718,280,2025-08-01 22:52:10,180.86
719,563,2023-02-26 03:46:35,284.2
720,404,2022-08-16 14:19:17,92.75
721,7,2025-08-24 19:51:56,246.58
722,140,2022-06-23 19:32:11,217.75
723,880,2022-10-29 19:43:15,207.43
724,219,2024-05-16 21:20:04,358.9
725,191,2023-03-03 19:32:49,38.73
726,562,2022-03-24 16:04:11,96.01
727,31,2025-04-04 00:16:48,355.7
728,345,2024-01-16 10:38:09,381.6
729,441,2023-01-10 05:53:32,373.63
730,822,2021-12-16 21:40:46,55.8
731,601,2022-06-29 17:08:32,393.64
732,78,2025-02-05 18:42:38,285.04
733,205,2021-10-31 14:07:08,358.09
734,654,2024-04-30 18:16:38,182.23
735,571,2022-04-22 14:16:34,95.53
736,468,2025-02-07 05:09:30,47.35
737,604,2021-05-16 20:55:57,153.11
738,286,2024-03-23 04:23:47,152.9
739,697,2022-09-18 11:13:59,101.96
740,257,2022-05-31 08:35:21,307.43
741,217,2022-12-17 06:49:40,242.1
742,770,2023-10-29 15:06:27,35.4
743,388,2023-03-07 09:40:06,168.46
744,481,2024-11-30 23:06:26,220.24
745,420,2021-07-03 00:50:57,254.82
746,985,2021-09-20 04:58:37,270.25
747,303,2023-12-04 15:43:23,45.41
748,361,2025-04-26 22:01:55,174.47
749,418,2024-02-01 05:18:39,320.98
750,275,2023-09-04 10:52:15,44.6
751,765,2024-02-07 18:24:39,114.19
752,211,2024-01-29 13:21:27,389.42
753,253,2023-05-23 13:05:54,270.58
754,708,2023-11-06 03:02:49,267.57
755,703,2022-05-04 01:52:38,214.89
756,612,2022-07-11 09:20:36,299.46
757,76,2023-12-12 01:34:19,86.58
758,95,2021-10-30 14:12:41,311.69
759,435,2024-09-03 22:22:48,118.73
760,233,2025-03-20 20:55:15,382.35
761,336,2022-05-16 01:13:47,272.75
762,647,2022-05-23 12:30:04,16.11
763,684,2022-04-07 08:11:14,102.92
764,286,2024-10-03 03:11:20,69.39
765,67,2025-04-09 14:49:11,268.2
766,16,2026-01-01 20:52:36,69.28
767,292,2025-02-26 02:43:31,214.88
768,238,2025-04-15 03:48:54,118.61
769,237,2024-01-18 16:08:36,63.26
770,758,2022-09-13 03:58:22,209.29
771,314,2023-09-23 06:25:46,212.16
772,954,2023-09-27 04:19:21,269.87
773,468,2022-07-04 10:44:45,39.02
774,131,2021-06-19 23:46:51,359.23
775,62,2024-10-09 11:02:07,367.8
776,76,2024-03-11 11:21:27,169.25
777,542,2021-11-19 19:35:07,25.34
778,181,2023-11-25 01:45:08,22.63
779,327,2021-01-20 10:22:25,244.23
780,938,2023-02-10 22:43:55,121.45
781,494,2022-02-02 19:39:15,340.66
782,971,2021-10-05 11:26:21,200.28
783,88,2021-09-18 21:59:43,258.62
784,428,2022-05-03 07:36:53,255.96
785,431,2025-06-25 13:44:57,91.44
786,632,2023-10-30 18:49:31,66.87
787,615,2023-12-01 10:30:36,43.62
788,378,2022-04-06 04:12:54,367.78
789,508,2022-05-06 01:39:02,274.05
790,509,2022-12-06 08:36:02,244.58
791,292,2021-11-29 03:31:37,60.89
792,708,2024-01-01 16:46:18,107.8
793,916,2022-10-07 05:54:26,381.92
794,391,2022-08-26 19:18:45,293.02
795,942,2021-06-25 00:42:24,331.36
796,747,2022-09-29 06:51:43,76.13
797,508,2022-05-09 05:15:36,62.92
798,982,2023-11-12 05:20:34,105.07
799,298,2022-07-13 21:08:30,185.12
800,981,2024-10-06 03:51:38,17.6
801,497,2021-09-06 21:42:33,92.12
802,162,2022-10-24 07:10:26,361.7
803,263,2025-06-28 17:54:00,168.3
804,905,2023-06-14 01:44:15,213.69
805,65,2021-06-16 02:49:59,102.55
806,238,2024-11-19 07:49:27,105.86
807,945,2022-06-18 07:06:40,346.53
808,768,2021-04-29 06:56:38,382.3
809,218,2024-10-03 12:18:42,385.59
810,87,2023-12-29 11:07:20,39.77
811,470,2021-11-09 05:03:36,69.37
812,743,2022-09-08 02:38:43,218.17
813,456,2024-12-23 09:34:39,16.14
814,25,2021-05-26 12:25:57,77.61
815,961,2025-02-18 00:55:39,264.64
816,71,2024-09-14 23:24:40,352.96
817,699,2025-05-02 17:29:15,281.04
818,950,2023-11-15 10:40:06,39.12
819,334,2022-12-25 04:48:32,80.41
820,592,2025-03-19 22:49:58,328.14
821,975,2021-05-05 09:37:08,89.78
822,34,2022-06-21 05:50:43,174.35
823,911,2024-10-12 01:56:42,235.6
824,397,2025-03-26 17:44:55,397.2
825,842,2025-06-19 15:32:26,84.24
826,588,2023-01-11 03:51:37,73.23
827,435,2024-03-24 16:26:13,316.32
828,762,2025-04-25 13:26:16,123.06
829,961,2023-06-07 21:46:31,193.14
830,195,2022-01-31 01:28:52,259.57
831,234,2024-01-20 15:31:02,249.3
832,624,2022-02-09 08:58:10,394.88
833,164,2024-07-14 08:59:40,362.07
834,918,2024-11-11 19:05:41,192.11
835,586,2022-08-05 04:06:08,38.47
836,255,2023-07-15 02:24:53,307.8
837,68,2021-06-22 00:08:08,119.92
838,56,2026-01-04 18:46:53,275.78
839,215,2023-06-20 15:57:51,350.6
840,267,2023-07-24 16:03:09,305.29
841,154,2023-05-25 12:57:59,236.08
842,296,2021-10-19 06:46:55,363.7
843,126,2022-04-22 06:24:06,90.21
844,249,2021-04-16 09:17:27,62.87
845,121,2022-09-08 15:56:56,288.03
846,279,2023-02-11 17:31:39,229.96
847,216,2025-06-12 05:44:25,301.91
848,887,2023-11-26 23:46:21,325.74
849,659,2025-12-12 02:35:20,226.36
850,481,2024-08-09 16:49:06,69.59
851,993,2024-08-13 07:37:12,379.95
852,983,2023-06-27 02:11:28,313.43
853,4,2025-11-29 17:59:16,85.71
854,415,2025-03-15 16:41:38,101.31
855,22,2022-05-28 05:03:03,99.75
856,745,2023-03-30 08:51:27,198.08
857,617,2023-02-26 05:39:17,189.69
858,522,2022-06-02 15:29:22,138.13
859,119,2023-08-26 16:39:06,147.17
860,902,2022-05-15 19:40:41,54.96
861,461,2023-02-08 19:19:24,66.58
862,49,2025-07-29 15:40:58,192.5
863,191,2021-12-08 23:30:26,214.82
864,947,2024-09-24 20:25:11,282.55
865,734,2021-10-29 06:40:18,204.66
866,870,2023-05-26 04:41:15,142.06
867,262,2022-03-18 11:52:19,310.36
868,662,2024-03-06 05:53:56,86.25
869,544,2024-10-16 01:25:07,259.23
870,772,2021-01-16 18:59:53,104.91
871,376,2025-11-18 20:27:05,337.21
872,350,2023-05-22 10:00:00,193.57
873,375,2023-12-30 01:08:32,208.37
874,702,2023-02-11 16:26:34,150.8
875,447,2022-03-15 02:58:17,83.99
876,216,2025-09-29 20:55:28,27.47
877,580,2021-03-21 07:23:23,208.85
878,324,2021-07-20 01:04:38,322.4
879,30,2021-02-22 05:50:15,281.39
880,865,2023-03-06 23:00:34,365.62
881,272,2025-09-05 09:18:10,368.35
882,215,2023-09-19 03:27:37,355.76
883,397,2024-10-11 02:10:32,76.77
884,724,2025-11-16 05:03:59,347.51
885,392,2022-01-03 15:05:31,235.49
886,933,2025-05-20 21:58:35,284.17
887,946,2024-03-08 19:51:44,315.39
888,715,2023-07-02 08:02:25,359.88
889,711,2022-06-16 00:47:32,189.97
890,537,2023-04-03 04:15:16,289.19
891,638,2022-10-17 19:00:58,311.69
892,694,2025-05-26 18:41:00,98.49
893,173,2023-02-02 12:57:31,236.59
894,881,2023-12-15 00:13:09,310.22
895,167,2021-09-10 18:35:45,343.98
896,702,2022-01-10 21:02:21,60.87
897,868,2024-03-23 13:32:20,303.96
898,574,2025-01-12 02:04:39,132.51
899,96,2023-04-21 07:14:26,302.59
900,266,2024-06-24 11:00:33,289.19
901,68,2023-08-28 19:25:27,159.49
902,452,2025-01-06 15:29:45,305.45
903,418,2025-11-08 12:37:53,159.6
904,595,2024-05-27 04:28:33,210.2
905,197,2025-03-15 18:21:31,238.64
906,9,2021-01-11 18:51:41,383.61
907,136,2025-04-02 14:57:51,298.32
908,278,2022-02-22 14:31:00,274.31
909,983,2025-02-12 06:59:38,276.99
910,198,2025-08-16 07:22:06,292.18
911,936,2024-07-30 10:48:48,200.07
912,282,2024-11-17 11:39:17,240.69
913,440,2021-07-03 13:28:50,141.69
914,428,2024-06-13 06:15:13,243.26
915,479,2024-07-03 18:50:13,40.9
916,993,2022-09-24 10:23:31,150.32
917,652,2021-07-20 07:43:25,87.62
918,464,2025-10-24 20:05:31,117.21
919,525,2023-10-23 14:50:27,240.02
920,425,2024-05-06 04:20:51,51.38
921,26,2022-05-20 10:46:49,76.87
922,46,2023-06-09 20:50:03,180.87
923,200,2023-04-16 09:22:22,372.21
924,381,2023-05-30 19:12:00,387.14
925,296,2022-07-19 00:58:31,327.01
926,134,2023-05-29 22:45:14,190.89
927,374,2022-06-29 19:14:54,245.96
928,112,2023-12-07 19:50:02,263.19
929,777,2023-06-14 05:35:32,58.14
930,385,2022-10-03 02:21:46,291.59
931,402,2023-10-11 16:30:41,121.92
932,662,2021-03-04 19:35:00,395.88
933,998,2022-06-22 16:07:58,189.32
934,368,2023-01-10 19:17:31,318.49
935,530,2024-11-08 14:26:32,189.1
936,696,2025-05-13 00:44:04,395.9
937,813,2023-10-02 17:42:32,164.61
938,20,2024-07-19 04:43:50,293.17
939,556,2023-11-26 06:02:14,251.25
940,305,2023-02-16 17:21:02,394.6
941,347,2021-02-09 06:40:28,355.12
942,699,2023-07-06 01:30:38,40.48
943,94,2025-09-13 03:09:07,280.73
944,780,2024-09-26 11:13:05,36.49
945,203,2022-08-28 22:42:19,391.65
946,287,2023-04-09 08:27:07,382.56
947,54,2024-01-11 21:24:04,117.89
948,697,2021-01-22 09:34:18,297.86
949,201,2023-05-08 04:05:22,164.6
950,556,2025-08-26 13:25:13,137.84
951,862,2022-04-17 03:30:45,116.8
952,852,2021-03-06 23:26:12,142.88
953,319,2025-12-06 12:36:44,70.14
954,659,2024-10-24 23:42:16,194.83
955,837,2022-11-27 03:05:08,156.35
956,924,2025-08-03 19:39:42,126.76
957,846,2022-05-27 17:14:19,163.73
958,667,2021-11-01 04:22:12,157.14
959,76,2021-12-29 18:12:49,320.25
960,425,2025-12-23 12:24:23,138.93
961,832,2021-08-06 20:09:17,147.9
962,405,2023-10-27 09:58:55,157.15
963,268,2024-07-20 14:53:25,41.56
964,1,2022-10-30 17:26:34,371.61
965,73,2025-07-13 03:31:05,227.87
966,852,2023-01-25 00:12:46,281.52
967,223,2024-03-07 07:22:20,319.57
968,946,2023-05-20 20:30:54,321.94
969,314,2025-11-24 10:48:23,262.73
970,680,2024-11-28 22:36:30,183.86
971,269,2022-03-31 11:20:26,211.77
972,385,2022-10-02 20:40:08,125.86
973,344,2025-02-26 16:20:30,75.3
974,313,2023-10-06 21:55:38,309.79
975,137,2022-12-13 09:42:51,144.23
976,2,2025-11-08 20:03:50,187.18
977,732,2022-05-20 05:02:06,243.76
978,114,2023-04-13 14:14:50,393.12
979,413,2025-09-02 13:06:21,394.22
980,999,2025-01-29 15:28:38,62.58
981,653,2021-04-23 15:40:05,251.59
982,309,2025-01-17 14:18:48,168.82
983,377,2023-04-05 15:41:00,281.14
984,444,2021-05-29 05:45:06,240.65
985,109,2021-08-03 09:54:17,260.3
986,587,2022-10-18 05:38:43,36.88
987,195,2022-10-04 21:59:56,389.4
988,220,2022-01-20 02:01:59,306.64
989,320,2022-08-08 04:16:43,342.82
990,341,2022-02-16 19:14:02,397.63
991,723,2022-03-04 00:06:11,288.81
992,433,2024-10-26 03:29:14,375.07
993,541,2021-05-28 03:10:54,151.49
994,268,2023-08-12 11:32:55,176.61
995,469,2021-01-13 09:16:53,165.47
996,717,2021-10-12 08:08:51,199.11
997,786,2024-09-18 00:37:24,115.23
998,53,2021-09-12 12:27:22,223.19
999,595,2024-01-20 21:14:40,373.23
1000,147,2021-05-14 14:55:58,62.06
1001,673,2022-04-06 09:59:46,84.0
1002,10,2023-07-14 10:09:43,172.96
1003,257,2022-02-13 18:52:26,214.16
1004,563,2023-11-14 19:45:34,173.47
1005,286,2025-08-13 03:35:46,300.88
1006,153,2022-03-05 21:49:31,281.47
1007,675,2021-06-09 04:16:40,281.83
1008,8,2022-10-17 19:45:04,305.9
1009,853,2025-12-12 17:12:02,254.71
1010,113,2021-05-20 16:37:32,210.35
1011,656,2022-10-19 10:45:31,372.87
1012,945,2022-07-31 11:42:48,78.57
1013,505,2022-10-03 03:50:49,289.86
1014,562,2021-01-20 21:00:00,126.46
1015,322,2021-07-17 05:35:04,100.41
1016,280,2021-10-22 17:09:25,195.98
1017,286,2023-06-04 12:17:26,107.23
1018,623,2021-11-13 12:38:05,43.26
1019,820,2024-11-06 23:11:38,259.44
1020,701,2022-05-11 09:04:46,398.53
1021,827,2025-12-06 00:50:26,232.38
1022,424,2022-04-24 06:10:00,154.91
1023,927,2021-01-30 11:23:07,221.38
1024,435,2022-07-20 15:17:24,122.36
1025,554,2022-07-11 01:37:04,72.15
1026,666,2022-12-02 09:25:18,397.31
1027,792,2021-07-31 11:10:36,141.24
1028,444,2024-07-19 10:59:49,330.51
1029,233,2024-12-28 12:15:25,218.06
1030,629,2022-03-19 06:39:51,216.62
1031,879,2025-07-19 15:55:44,366.71
1032,49,2025-01-04 00:44:28,24.87
1033,624,2025-04-13 14:34:09,286.05
1034,248,2023-01-02 17:13:07,292.77
1035,667,2022-09-05 12:59:41,364.5
1036,507,2021-05-20 08:25:12,201.41
1037,686,2021-11-30 13:13:33,355.87
1038,714,2025-06-13 17:06:12,366.94
1039,243,2025-02-04 11:01:35,212.6
1040,129,2022-03-29 17:14:59,16.67
1041,342,2023-10-12 05:32:58,86.97
1042,869,2023-06-13 12:14:52,28.55
1043,817,2024-07-24 05:33:38,111.51
1044,406,2024-04-02 09:35:51,244.2
1045,603,2024-08-16 03:31:38,273.64
1046,40,2022-01-11 21:23:33,182.19
1047,811,2023-03-25 20:37:17,37.25
1048,10,2023-01-02 09:31:40,71.38
1049,841,2024-09-05 16:08:33,120.12
1050,366,2025-01-25 11:15:32,242.63
1051,376,2021-07-18 14:16:39,75.33
1052,157,2021-09-07 08:35:14,385.49
1053,854,2025-01-18 00:40:10,294.21
1054,516,2023-03-05 13:49:50,366.84
1055,421,2023-06-11 10:15:16,171.24
1056,101,2023-04-20 18:59:26,270.89
1057,958,2025-07-13 00:36:18,262.92
1058,310,2021-08-23 16:00:58,98.42
1059,831,2022-11-05 11:59:25,133.16
1060,667,2023-10-12 18:37:13,305.88
1061,374,2025-06-15 06:34:05,305.65
1062,518,2021-07-11 09:09:49,83.82
1063,851,2024-08-21 00:12:59,238.14
1064,526,2024-11-16 08:09:17,305.29
1065,851,2021-04-24 16:40:58,189.71
1066,591,2023-11-24 03:42:41,190.29
1067,540,2024-07-31 21:36:15,230.9
1068,708,2024-05-02 23:35:45,286.1
1069,135,2022-11-13 15:48:47,375.98
1070,957,2021-09-10 21:16:32,254.41
1071,357,2025-03-10 05:15:00,340.42
1072,543,2023-03-22 04:44:31,281.79
1073,975,2023-04-23 20:33:47,196.44
1074,377,2024-06-02 04:19:59,369.96
1075,501,2021-09-04 02:13:26,352.39
1076,856,2021-10-07 19:15:43,345.67
1077,332,2024-02-15 00:35:27,358.28
1078,412,2025-09-18 11:10:51,358.36
1079,515,2025-03-06 22:03:24,171.82
1080,891,2025-12-07 01:09:25,84.52
1081,143,2022-04-30 06:55:01,47.12
1082,644,2025-02-17 10:08:00,243.74
1083,110,2022-04-11 19:11:06,171.98
1084,931,2021-05-08 04:23:53,269.42
1085,309,2025-05-28 18:34:40,368.21
1086,192,2022-10-12 20:44:25,189.33
1087,476,2022-03-15 00:26:39,370.5
1088,185,2025-03-26 13:45:53,213.72
1089,198,2023-05-06 14:22:06,296.52
1090,994,2024-09-17 13:07:11,338.39
1091,614,2021-09-10 09:03:40,114.42
1092,711,2023-01-05 23:49:19,249.58
1093,524,2024-04-21 21:52:58,395.82
1094,899,2022-03-13 22:28:18,93.98
1095,127,2025-06-16 15:42:42,327.88
1096,906,2025-03-15 17:58:17,238.26
1097,438,2023-08-14 08:34:03,164.75
1098,581,2025-06-08 21:53:39,156.8
1099,967,2023-09-29 21:35:46,251.85
1100,897,2024-04-16 07:49:14,320.11
1101,236,2025-09-27 05:45:51,95.36
1102,243,2022-11-03 09:55:23,321.71
1103,31,2022-09-14 06:42:06,150.44
1104,287,2025-06-02 00:14:39,166.0
1105,188,2024-08-10 15:14:44,358.9
1106,484,2025-12-01 05:56:13,147.0
1107,965,2024-09-03 03:48:48,218.33
1108,959,2023-08-26 23:44:04,342.94
1109,506,2022-06-09 11:02:36,138.61
1110,66,2023-03-16 01:37:58,229.15
1111,109,2021-09-28 18:20:47,202.87
1112,569,2022-12-17 05:24:49,214.48
1113,288,2024-08-25 01:38:43,364.69
1114,312,2025-01-12 07:52:16,312.8
1115,358,2022-04-12 16:25:10,398.2
1116,859,2023-08-09 07:07:48,28.89
1117,904,2022-07-07 23:07:38,257.13
1118,708,2022-08-08 05:44:40,239.06
1119,572,2023-12-05 23:21:29,373.98
1120,833,2025-02-07 05:25:52,42.96
1121,632,2026-01-02 02:10:09,238.81
1122,961,2025-03-06 04:34:05,166.16
1123,595,2023-01-03 14:08:09,344.01
1124,496,2023-12-10 14:27:13,120.35
1125,6,2022-02-03 17:56:23,357.21
1126,169,2021-02-16 17:51:07,241.67
1127,878,2024-06-12 17:12:01,155.84
1128,269,2022-09-29 17:50:04,139.25
1129,880,2025-11-07 01:36:58,128.42
1130,189,2023-11-09 02:38:22,122.71
1131,672,2022-12-16 16:23:38,318.17
1132,234,2025-10-30 18:02:29,115.04
1133,541,2022-12-07 02:45:00,321.55
1134,487,2022-11-23 13:10:39,173.71
1135,988,2024-10-26 10:31:21,216.85
1136,505,2025-09-01 15:58:16,227.88
1137,289,2023-11-24 15:12:36,211.6
1138,488,2024-03-21 05:46:43,284.71
1139,880,2022-02-09 08:48:50,57.82
1140,655,2021-06-09 10:58:13,125.48
1141,374,2024-06-03 02:37:31,216.79
1142,929,2024-04-17 19:22:11,197.67
1143,187,2023-02-09 18:58:18,336.92
1144,537,2022-03-05 14:43:23,247.95
1145,513,2021-10-24 04:15:18,329.43
1146,79,2026-01-06 07:26:57,89.92
1147,173,2024-06-10 18:06:26,221.07
1148,119,2023-05-08 11:42:38,269.92
1149,11,2022-09-04 07:46:50,164.05
1150,650,2025-03-17 20:34:17,360.76
1151,353,2022-10-29 07:31:28,297.52
1152,724,2024-02-06 02:14:14,279.55
1153,353,2022-07-19 14:34:59,380.77
1154,309,2022-05-02 12:37:38,233.85
1155,357,2023-12-02 16:28:30,74.11
1156,705,2021-10-31 04:36:11,114.81
1157,406,2023-08-05 18:13:52,389.72
1158,375,2023-07-10 21:42:10,343.25
1159,181,2025-05-03 20:46:16,242.45
1160,316,2023-09-03 03:25:00,56.29
1161,759,2025-04-05 06:24:11,227.04
1162,400,2023-07-22 19:14:38,65.55
1163,726,2021-05-12 19:28:00,390.86
1164,631,2024-05-14 09:54:17,21.0
1165,24,2024-11-14 11:27:29,275.64
1166,364,2022-08-03 23:54:58,219.74
1167,486,2021-03-14 20:08:58,283.58
1168,314,2025-01-17 12:38:40,163.55
1169,5,2023-02-18 06:23:08,49.01
1170,847,2025-07-04 08:15:14,158.85
1171,745,2023-09-01 22:37:19,381.9
1172,42,2024-02-02 06:07:53,148.49
1173,350,2024-06-09 15:53:41,234.9
1174,221,2021-06-04 03:45:38,134.65
1175,304,2021-10-04 09:25:20,159.02
1176,957,2024-10-13 01:12:39,165.81
1177,105,2021-10-23 22:07:42,358.04
1178,73,2024-02-23 16:36:18,329.86
1179,285,2025-02-23 01:28:54,350.78
1180,58,2022-06-16 04:55:37,201.52
1181,503,2024-08-19 09:12:03,230.39
1182,491,2024-04-03 11:54:16,112.81
1183,346,2024-09-18 14:45:20,213.41
1184,127,2025-09-01 11:19:57,147.18
1185,732,2024-06-18 03:56:49,220.79
1186,80,2024-03-06 06:26:45,217.16
1187,189,2021-02-19 16:04:38,348.19
1188,883,2024-11-27 07:46:14,220.54
1189,718,2025-10-05 00:04:16,263.29
1190,752,2022-10-30 19:24:34,363.83
1191,951,2021-08-21 04:09:05,116.24
1192,258,2024-10-13 04:33:07,305.31
1193,864,2021-04-28 18:18:56,39.24
1194,296,2024-09-23 09:50:46,96.71
1195,457,2021-11-14 05:14:34,77.68
1196,468,2021-12-21 16:53:05,55.49
1197,676,2024-03-21 12:17:41,255.26
1198,985,2024-04-28 23:57:27,247.62
1199,993,2021-06-16 15:24:49,268.53
1200,351,2024-02-10 12:25:59,88.76
1201,944,2023-10-18 20:01:35,206.63
1202,651,2022-06-23 18:29:05,95.06
1203,875,2023-08-08 16:54:05,362.28
1204,235,2022-08-17 14:40:28,203.04
1205,321,2021-02-01 21:21:23,245.15
1206,733,2024-12-12 14:32:56,121.86
1207,881,2025-07-17 13:02:27,267.75
1208,259,2025-12-28 05:55:57,164.29
1209,463,2021-03-26 00:37:37,239.25
1210,219,2025-11-22 20:48:09,112.35
1211,858,2025-12-02 08:54:44,99.06
1212,438,2021-02-07 16:54:10,59.33
1213,298,2024-04-29 18:57:33,241.88
1214,167,2023-11-22 01:08:41,377.26
1215,578,2023-06-21 12:46:13,90.25
1216,53,2025-04-14 14:39:02,122.62
1217,753,2024-01-13 03:22:33,290.81
1218,541,2022-04-06 18:30:20,98.36
1219,264,2022-03-12 19:58:11,61.21
1220,642,2023-06-27 05:09:01,36.12
1221,677,2025-07-18 20:00:59,123.54
1222,816,2023-01-22 11:15:33,205.83
1223,467,2023-06-03 13:34:46,109.72
1224,617,2023-11-29 16:20:43,76.22
1225,938,2021-02-05 21:37:15,372.43
1226,224,2022-03-14 19:11:10,133.44
1227,951,2024-05-13 11:23:54,222.49
1228,596,2025-02-13 09:39:57,270.29
1229,200,2023-03-28 23:31:28,278.58
1230,159,2021-06-18 02:43:08,180.21
1231,380,2023-06-19 09:38:40,167.92
1232,601,2022-02-06 11:07:11,149.05
1233,189,2023-09-20 12:24:12,19.1
1234,335,2024-09-07 11:34:57,173.21
1235,173,2025-07-02 16:45:08,287.58
1236,747,2025-05-16 09:06:28,245.77
1237,255,2021-08-16 11:27:19,87.84
1238,181,2023-05-21 21:14:08,111.18
1239,211,2024-08-12 07:54:13,43.09
1240,686,2025-03-04 13:23:58,279.48
1241,616,2024-11-07 06:58:29,287.49
1242,508,2025-02-15 21:14:50,227.21
1243,862,2025-10-02 01:19:33,273.93
1244,66,2022-09-29 08:52:31,208.77
1245,755,2023-01-31 05:53:38,127.84
1246,683,2025-04-03 07:31:35,240.75
1247,859,2022-09-28 01:58:55,185.32
1248,622,2023-10-30 00:15:06,291.7
1249,229,2023-08-08 06:45:45,281.72
1250,332,2022-04-27 23:30:47,134.72
1251,44,2022-12-31 18:52:07,43.25
1252,743,2023-03-24 06:19:38,344.4
1253,582,2021-03-13 20:56:58,78.73
1254,765,2021-04-17 16:17:40,329.21
1255,780,2025-04-09 17:51:47,136.58
1256,246,2025-10-12 16:27:37,236.92
1257,484,2025-12-08 19:59:16,75.39
1258,958,2023-01-14 01:07:46,367.6
1259,956,2023-07-29 19:02:31,351.32
1260,196,2021-03-12 02:36:17,318.84
1261,991,2021-09-11 09:32:31,244.05
1262,935,2024-12-02 01:33:54,26.78
1263,686,2024-02-05 18:09:46,106.67
1264,611,2025-11-05 05:27:52,317.0
1265,574,2023-11-18 00:29:54,206.77
1266,823,2022-07-21 05:02:30,171.34
1267,817,2023-07-05 21:39:15,166.94
1268,7,2021-07-09 10:17:57,145.42
1269,28,2023-01-24 10:55:35,68.93
1270,546,2023-09-30 22:01:10,32.25
1271,95,2022-10-02 11:01:04,104.42
1272,66,2022-08-17 20:30:12,119.61
1273,721,2021-06-30 02:20:58,133.46
1274,870,2023-05-20 23:56:29,67.95
1275,496,2025-12-13 03:16:58,94.19
1276,777,2022-03-22 04:44:23,101.66
1277,916,2021-09-20 20:48:07,343.79
1278,76,2021-06-30 18:19:50,232.22
1279,221,2024-02-04 15:45:14,70.12
1280,105,2025-01-03 12:41:55,105.58
1281,219,2022-03-04 23:21:06,195.06
1282,788,2021-07-01 23:35:26,263.86
1283,516,2023-04-01 01:59:18,370.02
1284,726,2025-04-18 07:54:44,112.26
1285,800,2024-03-19 19:47:09,48.53
1286,608,2022-01-26 07:05:05,320.3
1287,742,2021-01-20 20:31:21,45.81
1288,774,2021-01-19 14:27:01,262.76
1289,816,2024-08-09 15:57:16,399.02
1290,737,2025-11-07 19:08:44,398.41
1291,101,2023-10-17 03:10:31,190.06
1292,475,2021-11-08 02:26:35,124.41
1293,664,2022-02-28 11:22:23,299.28
1294,540,2021-07-11 10:19:34,288.76
1295,352,2021-06-30 03:51:36,33.56
1296,663,2021-11-12 22:43:06,385.91
1297,456,2024-05-26 14:06:40,341.32
1298,679,2021-06-17 14:48:33,103.69
1299,17,2022-01-12 04:32:10,108.58
1300,472,2024-03-08 14:05:57,80.53
1301,671,2025-12-09 15:49:41,283.21
1302,464,2024-01-22 03:52:12,371.46
1303,271,2022-04-24 21:42:45,224.2
1304,892,2025-01-03 03:26:58,286.11
1305,712,2024-08-27 05:48:54,17.53
1306,143,2025-08-15 10:35:53,169.69
1307,654,2021-12-11 20:19:32,301.44
1308,189,2025-08-12 00:52:27,194.47
1309,779,2025-03-18 13:04:50,108.75
1310,296,2023-12-25 05:30:03,138.35
1311,874,2025-05-21 22:41:12,305.02
1312,742,2025-08-24 01:39:11,114.58
1313,317,2022-04-10 07:05:45,352.59
1314,157,2022-11-18 00:59:04,173.08
1315,593,2024-05-11 05:54:10,277.49
1316,596,2021-10-30 01:15:32,47.69
1317,219,2022-05-10 07:53:28,142.95
1318,681,2023-12-18 01:37:00,366.67
1319,851,2025-01-28 01:44:52,275.56
1320,179,2025-05-13 09:08:44,233.42
1321,838,2025-01-03 06:15:20,144.07
1322,32,2021-12-01 05:00:31,307.6
1323,393,2025-04-26 04:03:55,399.24
1324,692,2021-08-26 08:19:37,360.56
1325,491,2023-02-22 13:16:44,257.09
1326,8,2021-04-12 09:03:13,333.57
1327,494,2025-04-27 19:58:44,188.19
1328,488,2021-09-18 17:26:31,342.17
1329,819,2023-11-21 03:07:59,399.05
1330,735,2021-06-02 20:19:18,242.66
1331,97,2024-01-04 14:37:59,366.16
1332,237,2025-09-18 09:04:14,284.11
1333,630,2025-06-21 20:40:59,272.83
1334,61,2025-02-27 17:28:10,158.7
1335,401,2022-12-26 17:00:20,351.5
1336,722,2025-11-21 13:50:31,358.25
1337,560,2021-10-22 08:28:00,293.5
1338,223,2023-01-07 03:25:47,206.53
1339,235,2021-05-03 00:42:28,265.3
1340,211,2021-04-16 08:48:02,353.13
1341,911,2025-09-30 11:06:21,218.64
1342,518,2024-04-23 03:51:23,250.44
1343,582,2025-08-06 06:23:09,90.88
1344,156,2024-10-27 12:26:50,275.43
1345,22,2025-01-01 21:55:02,84.16
1346,48,2023-01-27 19:01:47,128.28
1347,882,2021-04-25 12:57:56,305.59
1348,536,2023-02-17 20:33:40,350.02
1349,435,2022-03-25 10:44:29,81.05
1350,592,2021-10-13 09:09:10,118.22
1351,135,2024-09-07 01:14:53,162.79
1352,658,2025-02-24 01:43:10,111.99
1353,549,2024-08-13 03:48:55,375.97
1354,992,2022-11-08 14:34:22,160.06
1355,824,2025-05-31 20:37:30,377.9
1356,143,2024-01-11 08:43:17,373.7
1357,747,2024-12-04 07:48:45,275.35
1358,602,2023-01-19 11:44:02,314.67
1359,753,2022-04-28 07:52:47,168.75
1360,553,2022-05-21 18:23:36,372.2
1361,666,2024-01-01 15:58:45,347.71
1362,673,2025-01-15 12:02:11,104.49
1363,64,2021-07-25 20:57:54,276.8
1364,586,2022-11-23 09:04:28,67.77
1365,355,2024-10-13 15:48:58,245.26
1366,75,2022-07-30 20:54:40,149.9
1367,732,2024-01-10 03:22:56,296.52
1368,639,2021-11-05 08:32:30,365.33
1369,219,2023-02-05 05:53:39,395.41
1370,884,2025-03-16 12:06:27,137.7
1371,745,2025-11-21 15:22:26,184.91
1372,269,2024-12-31 22:50:51,106.98
1373,51,2024-02-10 07:42:02,263.25
1374,890,2022-12-30 12:01:44,230.77
1375,143,2024-07-22 04:44:45,191.61
1376,202,2023-08-05 04:06:42,224.62
1377,494,2024-10-28 22:58:27,248.0
1378,611,2024-05-27 10:05:10,216.01
1379,707,2024-04-22 10:27:19,287.56
1380,502,2021-12-10 11:36:04,255.24
1381,111,2022-02-23 17:05:18,248.93
1382,635,2021-10-10 17:19:46,95.35
1383,757,2022-04-20 04:41:01,70.3
1384,15,2022-08-13 09:00:11,245.12
1385,760,2025-12-06 08:39:17,250.75
1386,239,2025-03-26 11:01:56,195.47
1387,33,2025-08-16 12:24:21,225.71
1388,704,2023-10-25 06:02:07,159.04
1389,772,2025-11-09 22:31:09,100.28
1390,863,2024-06-14 15:02:21,127.68
1391,851,2024-06-05 18:35:43,346.75
1392,558,2024-03-27 04:26:38,285.28
1393,978,2025-06-05 04:29:41,91.83
1394,340,2021-11-17 05:35:01,185.21
1395,65,2025-04-13 19:05:24,129.0
1396,487,2022-10-09 10:58:05,101.49
1397,381,2023-03-20 04:52:30,390.76
1398,478,2022-10-26 20:45:05,79.62
1399,598,2023-04-04 08:03:05,207.86
1400,90,2022-02-02 14:04:22,150.45
1401,856,2022-09-18 12:59:39,121.72
1402,222,2025-02-07 08:10:55,37.66
1403,157,2022-06-17 05:08:17,115.68
1404,773,2025-01-05 18:58:41,315.12
1405,708,2025-12-25 16:50:15,180.28
1406,684,2022-03-03 09:27:18,334.17
1407,526,2021-09-04 15:13:34,70.75
1408,814,2022-12-24 01:13:11,328.66
1409,334,2022-08-02 00:54:14,399.27
1410,734,2024-11-08 13:48:03,250.76
1411,168,2021-10-31 14:35:05,155.62
1412,682,2023-11-28 20:21:39,306.54
1413,991,2024-07-31 05:56:52,231.96
1414,711,2022-09-25 09:34:55,170.84
1415,913,2023-12-27 05:57:37,107.15
1416,245,2022-08-02 06:38:48,78.99
1417,886,2021-07-23 22:43:30,246.09
1418,455,2023-12-15 18:04:39,150.47
1419,447,2023-05-05 06:43:26,328.26
1420,298,2022-10-21 03:36:00,91.14
1421,81,2024-01-23 03:11:42,215.41
1422,485,2023-08-17 09:17:04,216.58
1423,870,2025-03-17 21:28:13,188.53
1424,563,2025-06-30 15:07:01,364.8
1425,751,2025-10-23 20:19:31,164.69
1426,748,2025-01-26 12:36:27,278.43
1427,460,2025-05-06 12:05:27,386.14
1428,791,2023-03-19 17:35:34,227.07
1429,323,2021-05-17 09:04:18,51.81
1430,891,2022-06-06 18:42:57,193.09
1431,441,2022-04-06 03:38:35,296.95
1432,757,2021-05-18 19:04:34,274.43
1433,10,2024-12-02 16:49:00,22.4
1434,603,2023-03-21 19:17:39,85.03
1435,575,2025-11-10 11:42:53,254.72
1436,385,2024-09-05 19:46:55,356.53
1437,646,2021-09-26 16:01:20,369.27
1438,751,2025-03-28 00:41:25,210.62
1439,448,2023-07-23 08:15:37,257.18
1440,355,2025-01-13 21:23:07,48.89
1441,583,2025-07-24 10:06:44,379.42
1442,211,2024-07-23 04:30:11,101.34
1443,420,2025-02-10 04:38:08,77.43
1444,893,2025-02-22 01:01:59,122.26
1445,581,2022-10-12 00:19:46,98.87
1446,902,2025-09-30 19:34:33,249.55
1447,653,2025-09-30 20:28:40,31.56
1448,67,2021-11-14 13:32:45,216.66
1449,593,2025-02-07 08:41:14,63.87
1450,183,2023-11-12 19:07:21,130.32
1451,766,2023-05-05 19:15:02,150.42
1452,712,2021-03-16 05:58:00,188.74
1453,669,2021-09-02 10:51:53,270.39
1454,999,2021-06-05 18:39:13,68.4
1455,692,2024-10-29 06:09:23,206.72
1456,342,2022-04-26 03:08:34,209.28
1457,298,2023-05-15 00:21:14,266.61
1458,65,2025-04-01 13:35:36,262.24
1459,690,2023-03-08 14:08:36,307.31
1460,505,2025-07-08 11:44:45,271.57
1461,66,2025-10-07 02:45:08,160.86
1462,390,2024-03-19 04:17:41,157.13
1463,129,2024-08-25 12:30:55,299.56
1464,205,2021-07-30 21:46:28,88.22
1465,690,2025-03-11 05:27:37,165.19
1466,695,2021-11-26 19:10:55,399.95
1467,15,2022-11-17 21:39:28,26.59
1468,910,2021-01-08 10:28:54,381.15
1469,851,2024-12-04 05:09:22,389.92
1470,752,2025-10-04 14:57:03,281.96
1471,233,2024-03-05 11:47:25,176.48
1472,913,2021-12-04 23:37:02,328.49
1473,685,2023-06-19 19:11:02,273.1
1474,931,2023-10-15 00:16:37,164.09
1475,641,2025-12-28 13:37:58,309.26
1476,963,2025-10-22 00:51:32,53.96
1477,240,2023-03-26 13:41:44,216.02
1478,121,2023-06-08 04:55:17,372.33
1479,630,2023-08-01 04:17:29,397.1
1480,674,2025-02-18 22:36:32,299.87
1481,114,2024-09-26 09:12:48,58.77
1482,820,2021-06-10 20:35:57,148.75
1483,67,2022-06-29 02:16:14,86.78
1484,330,2024-12-21 15:42:34,187.64
1485,50,2022-10-14 02:37:33,252.83
1486,107,2024-07-10 23:00:28,89.8
1487,18,2021-10-18 00:46:28,393.34
1488,306,2023-09-01 08:18:08,271.03
1489,293,2024-06-01 02:36:31,128.21
1490,749,2024-06-13 17:46:49,197.31
1491,100,2021-06-29 01:11:21,129.27
1492,50,2022-12-19 02:37:00,214.77
1493,260,2022-05-30 13:37:02,39.1
1494,991,2021-07-21 13:50:05,41.65
1495,241,2024-06-07 07:29:05,209.2
1496,599,2022-11-02 23:01:03,198.51
1497,45,2021-07-04 15:01:45,115.29
1498,781,2022-05-02 00:08:40,120.28
1499,451,2023-02-09 04:28:37,51.09
1500,874,2024-03-27 10:51:47,241.76
1501,858,2023-12-14 03:23:06,320.91
1502,631,2022-04-18 21:27:30,38.58
1503,426,2024-07-20 04:54:51,199.91
1504,951,2023-03-28 17:16:43,181.58
1505,547,2024-06-29 02:41:40,235.81
1506,383,2025-11-09 22:53:23,249.83
1507,42,2025-08-23 09:58:05,315.34
1508,443,2022-04-06 11:44:24,101.77
1509,246,2022-01-04 04:34:04,272.0
1510,858,2025-02-18 02:21:32,29.7
1511,707,2024-08-12 18:47:24,279.22
1512,422,2022-12-29 06:48:33,133.09
1513,605,2024-01-06 10:24:40,33.2
1514,641,2024-12-11 10:13:44,91.49
1515,861,2021-04-21 22:25:44,280.67
1516,241,2024-05-22 05:59:12,19.61
1517,421,2022-11-23 00:17:02,140.35
1518,844,2025-02-28 03:29:55,31.02
1519,581,2021-11-28 10:26:13,89.46
1520,341,2023-06-05 15:55:21,247.67
1521,475,2022-02-27 17:30:28,283.83
1522,919,2022-01-18 14:47:44,56.23
1523,4,2023-03-31 18:22:12,201.62
1524,589,2021-03-20 03:36:43,251.82
1525,681,2023-11-04 20:32:27,391.2
1526,724,2022-01-20 05:27:30,368.97
1527,343,2023-03-02 13:52:51,385.04
1528,251,2021-10-31 04:42:04,51.26
1529,986,2023-11-05 20:36:41,228.25
1530,21,2023-04-06 21:02:43,23.92
1531,487,2021-04-01 16:58:33,359.33
1532,963,2024-08-07 12:34:17,354.25
1533,287,2022-02-09 04:28:44,138.35
1534,903,2024-02-09 16:56:16,263.93
1535,736,2025-05-10 16:55:46,357.62
1536,641,2023-12-03 18:19:04,16.64
1537,306,2025-07-12 23:31:49,57.61
1538,522,2022-12-19 10:35:48,343.84
1539,330,2025-12-12 05:15:33,287.57
1540,534,2025-11-09 08:48:21,366.41
1541,557,2021-06-29 13:07:14,47.6
1542,111,2021-05-03 15:21:46,192.55
1543,650,2023-11-12 22:59:44,249.77
1544,860,2021-06-29 04:30:20,301.7
1545,877,2024-12-16 07:34:22,376.59
1546,495,2024-05-27 12:22:58,282.42
1547,433,2024-06-11 17:10:06,280.54
1548,738,2023-05-14 17:14:06,95.96
1549,974,2025-05-08 18:53:29,257.79
1550,113,2025-12-19 03:24:30,211.62
1551,724,2025-07-04 12:09:13,65.08
1552,155,2022-04-27 19:53:11,211.81
1553,898,2021-08-12 13:28:48,284.45
1554,998,2023-01-25 10:54:44,351.41
1555,929,2024-02-10 20:58:43,99.86
1556,627,2022-06-13 17:46:26,54.07
1557,987,2023-09-26 19:55:33,159.68
1558,146,2025-10-29 22:11:43,157.89
1559,142,2022-05-02 09:57:45,188.94
1560,711,2021-09-27 18:20:13,300.09
1561,313,2023-12-18 10:11:53,348.21
1562,628,2022-09-22 12:21:15,42.04
1563,627,2023-07-31 23:46:08,306.5
1564,758,2024-02-27 22:16:58,92.65
1565,639,2022-02-04 02:46:42,359.81
1566,829,2024-07-01 02:56:37,210.4
1567,429,2025-11-02 06:27:03,110.6
1568,69,2025-02-09 22:15:29,355.17
1569,495,2022-05-26 23:25:27,322.76
1570,908,2025-07-22 02:20:10,43.21
1571,464,2025-02-10 01:14:36,151.33
1572,569,2025-02-09 15:04:31,163.6
1573,244,2025-08-29 06:46:02,370.03
1574,109,2025-03-15 21:56:22,203.51
1575,660,2024-03-28 04:28:56,293.73
1576,521,2025-06-06 03:25:02,361.24
1577,288,2025-06-27 06:43:51,180.4
1578,70,2025-06-15 10:11:42,262.97
1579,234,2024-08-21 21:35:17,187.42
1580,9,2023-08-25 20:21:44,194.76
1581,995,2022-02-23 04:52:28,88.6
1582,438,2025-03-02 10:07:49,153.02
1583,642,2022-02-04 17:06:51,281.37
1584,99,2022-05-06 05:42:53,195.09
1585,949,2023-07-25 18:26:47,327.69
1586,202,2021-02-25 09:28:41,173.35
1587,769,2023-11-18 03:14:12,156.6
1588,998,2021-07-05 06:23:19,319.51
1589,445,2023-05-28 00:48:08,98.99
1590,386,2022-05-31 21:26:06,333.56
1591,19,2021-02-20 03:24:55,257.64
1592,414,2023-12-01 19:47:50,303.22
1593,727,2025-03-07 10:33:01,381.91
1594,72,2022-10-06 22:41:52,242.12
1595,814,2021-02-10 20:22:14,114.63
1596,914,2025-09-18 09:59:53,135.54
1597,267,2024-05-22 10:00:56,206.72
1598,561,2022-02-07 21:57:14,168.21
1599,80,2022-05-03 22:14:16,188.61
1600,160,2024-02-03 10:02:47,307.11
1601,44,2022-09-09 04:32:09,146.9
1602,893,2021-12-30 10:28:44,174.1
1603,374,2021-11-15 12:49:24,48.81
1604,530,2023-09-11 22:00:35,294.75
1605,683,2024-01-28 19:52:26,326.31
1606,918,2022-01-20 11:20:52,367.84
1607,367,2023-09-24 16:56:38,41.31
1608,264,2021-11-28 14:45:13,237.39
1609,933,2025-05-30 10:04:40,108.18
1610,130,2022-08-02 08:36:22,177.22
1611,899,2025-01-31 11:03:01,164.84
1612,365,2025-10-03 21:44:52,284.65
1613,804,2023-04-15 15:09:27,157.69
1614,891,2022-11-22 18:22:05,73.69
1615,142,2024-04-01 21:18:57,184.06
1616,751,2022-06-05 06:39:41,389.36
1617,276,2022-02-16 04:08:19,214.19
1618,259,2021-05-01 01:01:05,59.44
1619,684,2023-05-22 16:51:48,122.42
1620,105,2021-01-13 03:53:45,30.5
1621,117,2025-11-03 01:25:31,346.9
1622,930,2024-06-22 01:39:06,209.0
1623,282,2022-04-16 01:51:52,117.66
1624,742,2025-07-11 02:38:55,23.86
1625,640,2023-08-09 18:38:57,248.11
1626,528,2025-12-17 17:07:04,259.25
1627,591,2022-07-29 11:57:33,91.22
1628,524,2023-03-25 03:28:40,300.5
1629,873,2023-07-28 21:04:12,187.29
1630,445,2022-04-11 02:15:55,290.69
1631,255,2021-06-03 12:52:13,72.46
1632,483,2023-08-19 07:07:29,95.36
1633,853,2023-01-03 02:51:31,358.97
1634,995,2021-05-07 20:37:00,74.07
1635,349,2024-01-29 16:00:37,318.17
1636,741,2022-12-04 06:13:46,96.53
1637,662,2024-07-25 00:29:04,86.11
1638,256,2025-10-24 23:26:42,360.13
1639,825,2023-06-23 13:11:34,198.88
1640,875,2021-02-04 21:09:35,316.04
1641,912,2024-10-25 04:02:43,252.28
1642,583,2025-10-24 22:14:52,199.32
1643,817,2022-09-23 01:35:23,329.0
1644,492,2024-06-08 02:38:44,55.16
1645,583,2021-03-10 16:50:53,188.57
1646,37,2021-01-27 21:50:36,290.17
1647,970,2022-08-21 09:21:57,294.46
1648,118,2021-04-07 00:04:18,185.24
1649,949,2024-11-24 12:01:57,261.78
1650,725,2021-05-18 10:48:39,197.9
1651,460,2022-09-10 07:25:30,159.3
1652,709,2021-11-08 22:27:41,388.14
1653,813,2022-01-31 14:22:25,52.89
1654,431,2024-05-31 04:12:26,33.67
1655,675,2025-01-14 14:11:22,395.51
1656,294,2025-10-22 02:58:39,89.83
1657,438,2022-09-15 03:51:31,210.93
1658,351,2022-04-28 12:36:19,20.19
1659,465,2022-02-06 11:17:31,391.17
1660,761,2024-10-16 20:19:08,169.48
1661,480,2025-05-07 02:46:43,273.26
1662,499,2023-07-21 04:47:42,91.54
1663,906,2021-06-05 00:17:08,242.0
1664,181,2022-05-19 02:19:54,36.8
1665,963,2021-12-10 13:18:56,46.02
1666,468,2025-05-11 14:47:16,206.75
1667,766,2023-12-02 07:20:08,183.83
1668,147,2022-03-13 02:12:50,288.82
1669,127,2024-11-13 19:53:26,348.19
1670,262,2025-01-29 11:52:17,285.14
1671,97,2024-09-17 06:39:38,161.46
1672,487,2023-01-23 05:37:10,392.43
1673,403,2025-02-26 04:07:58,109.3
1674,48,2021-06-27 10:46:14,214.92
1675,135,2023-05-19 11:54:25,97.45
1676,368,2023-11-03 17:35:52,121.65
1677,495,2025-05-08 19:40:57,337.56
1678,128,2023-02-24 07:15:37,104.01
1679,311,2025-02-09 12:46:58,151.01
1680,258,2022-06-07 09:44:26,93.05
1681,793,2023-03-24 19:45:35,292.89
1682,744,2023-02-23 04:20:43,67.34
1683,110,2024-04-25 18:10:45,375.85
1684,954,2021-02-11 23:29:59,352.25
1685,948,2023-01-03 05:16:33,316.33
1686,1,2022-08-05 14:39:18,124.39
1687,120,2022-02-07 19:30:35,248.53
1688,563,2025-08-20 02:35:55,229.09
1689,202,2022-01-25 17:16:27,75.17
1690,431,2022-07-28 00:42:54,356.04
1691,229,2025-08-22 07:15:21,335.32
1692,117,2023-07-15 00:27:53,393.39
1693,450,2024-06-01 08:08:41,147.98
1694,183,2023-09-05 13:49:25,130.22
1695,792,2024-12-20 02:52:51,24.41
1696,991,2022-12-23 15:58:51,226.45
1697,744,2021-02-01 23:02:29,300.3
1698,109,2023-09-26 00:31:42,284.29
1699,931,2022-11-06 17:20:50,274.59
1700,563,2024-07-24 05:49:03,301.59
1701,42,2022-05-23 14:40:49,241.18
1702,400,2023-01-07 08:58:46,266.7
1703,926,2025-07-04 18:02:29,355.26
1704,640,2022-04-28 01:57:34,79.41
1705,151,2021-05-19 22:15:56,160.28
1706,85,2021-12-08 02:59:43,277.92
1707,335,2025-08-23 05:57:31,238.93
1708,880,2025-07-18 11:38:04,160.84
1709,776,2022-09-23 15:36:31,16.21
1710,576,2023-08-01 10:38:49,70.62
1711,593,2022-03-31 16:04:14,385.3
1712,431,2025-04-16 20:29:40,208.62
1713,651,2025-08-24 18:28:27,253.97
1714,798,2023-11-28 00:21:26,236.35
1715,186,2021-10-11 02:55:36,268.35
1716,573,2023-02-04 14:19:03,55.58
1717,57,2025-09-22 17:27:25,115.21
1718,78,2021-12-16 07:14:10,170.84
1719,967,2022-07-11 09:00:59,380.34
1720,733,2025-09-02 11:06:13,179.8
1721,605,2025-11-06 02:01:09,337.23
1722,899,2024-08-09 15:49:17,331.24
1723,880,2024-04-26 03:07:17,96.58
1724,539,2021-05-04 18:02:06,82.37
1725,892,2024-12-14 10:51:57,146.15
1726,584,2022-06-16 02:58:59,352.14
1727,864,2022-06-28 22:15:53,182.93
1728,579,2021-10-17 00:29:59,200.52
1729,644,2023-12-01 08:25:15,244.58
1730,189,2024-09-04 21:22:44,213.39
1731,641,2025-01-14 04:48:30,34.1
1732,541,2021-03-04 00:07:55,111.7
1733,977,2022-12-05 11:38:32,339.87
1734,248,2023-08-19 08:10:49,47.21
1735,855,2024-08-05 00:40:57,346.34
1736,358,2022-02-15 06:34:52,71.4
1737,985,2021-08-18 07:06:26,380.38
1738,241,2021-09-10 16:57:51,110.33
1739,758,2023-04-15 22:37:13,131.5
1740,205,2024-02-01 09:42:01,170.89
1741,5,2024-04-16 11:37:39,100.88
1742,635,2021-02-14 23:50:44,195.88
1743,607,2025-01-20 11:13:40,129.36
1744,208,2024-07-01 22:28:16,367.63
1745,872,2025-12-14 12:15:06,317.05
1746,419,2022-06-21 12:24:55,211.05
1747,13,2024-10-19 16:48:08,319.83
1748,61,2025-08-29 15:57:39,65.92
1749,751,2021-11-04 02:05:32,267.68
1750,362,2023-11-03 16:55:56,325.04
1751,592,2023-09-16 17:57:25,284.15
1752,821,2024-10-23 22:14:53,106.08
1753,291,2021-04-15 11:56:35,77.61
1754,167,2022-09-27 21:28:22,312.34
1755,792,2023-12-30 04:07:23,166.01
1756,828,2023-12-14 11:17:29,359.24
1757,397,2021-02-07 19:05:15,69.72
1758,116,2021-12-16 23:54:32,108.75
1759,941,2023-11-30 23:28:03,348.12
1760,682,2021-02-05 07:38:06,199.7
1761,293,2023-02-02 15:32:09,118.67
1762,244,2024-01-17 02:20:26,245.1
1763,759,2025-03-03 07:50:23,254.94
1764,239,2025-08-09 11:07:51,171.14
1765,164,2025-04-13 06:20:28,340.72
1766,436,2024-05-04 08:12:00,396.66
1767,237,2023-06-10 14:57:11,230.96
1768,224,2021-01-22 16:17:10,263.56
1769,480,2023-02-27 17:50:08,94.06
1770,5,2021-10-23 03:17:24,47.76
1771,109,2023-08-28 13:19:58,387.06
1772,344,2022-05-17 04:13:19,105.34
1773,883,2024-04-02 23:41:11,206.51
1774,79,2024-02-10 10:51:13,31.94
1775,699,2023-07-14 06:31:07,385.22
1776,241,2025-02-17 13:42:02,373.85
1777,209,2023-02-17 06:43:30,230.85
1778,967,2025-08-02 16:57:33,204.93
1779,352,2021-12-26 04:21:22,44.15
1780,373,2025-08-18 08:08:48,61.73
1781,342,2025-05-15 03:53:33,378.59
1782,289,2025-12-20 21:59:21,32.96
1783,5,2022-12-20 07:34:28,298.75
1784,750,2022-08-20 15:50:56,196.07
1785,568,2025-03-16 19:02:11,53.97
1786,798,2022-11-27 03:54:53,396.48
1787,171,2022-09-08 13:00:53,45.34
1788,990,2021-12-15 17:25:12,132.18
1789,734,2024-01-14 15:45:32,223.39
1790,640,2023-03-11 04:58:13,357.67
1791,400,2024-01-18 01:38:47,365.67
1792,251,2022-06-28 03:20:10,263.81
1793,20,2022-08-08 13:40:26,378.46
1794,633,2021-11-04 04:07:35,151.29
1795,804,2023-03-09 03:35:07,168.11
1796,764,2023-07-22 19:29:36,202.52
1797,940,2024-07-28 09:08:00,320.25
1798,950,2025-11-14 03:23:57,233.15
1799,193,2022-11-03 04:51:01,343.32
1800,504,2022-07-17 20:24:11,303.29
1801,84,2021-06-10 07:26:45,285.19
1802,269,2022-11-16 23:07:08,266.02
1803,717,2023-09-24 08:14:38,319.93
1804,163,2024-11-17 01:08:35,302.42
1805,457,2024-11-11 05:23:06,149.86
1806,795,2025-01-12 23:43:37,62.87
1807,776,2022-04-01 13:54:48,110.95
1808,897,2022-06-19 19:26:45,241.09
1809,795,2021-02-20 17:05:41,69.88
1810,268,2022-03-15 08:21:52,104.82
1811,47,2022-12-11 23:02:51,21.02
1812,805,2023-10-05 02:51:41,324.06
1813,462,2023-07-27 01:48:24,306.09
1814,686,2024-03-10 10:49:06,352.03
1815,833,2023-08-21 20:40:20,375.35
1816,162,2022-04-02 03:39:11,282.34
1817,473,2023-05-19 12:54:53,51.85
1818,394,2021-05-17 09:58:35,32.42
1819,168,2024-10-31 00:08:15,341.82
1820,199,2022-11-01 22:01:30,317.85
1821,229,2023-02-18 03:09:34,340.21
1822,45,2022-02-11 01:18:40,95.32
1823,497,2024-05-02 00:28:17,78.21
1824,99,2024-10-28 15:42:01,207.53
1825,719,2023-05-07 21:21:36,74.14
1826,683,2022-10-02 03:20:33,177.22
1827,363,2022-09-15 01:43:49,327.76
1828,212,2021-03-02 11:45:41,113.38
1829,594,2025-11-01 16:18:39,275.79
1830,154,2025-09-24 03:34:30,43.53
1831,546,2025-09-09 20:19:17,248.42
1832,532,2025-06-01 02:37:45,271.64
1833,334,2023-06-18 23:30:22,151.71
1834,630,2023-12-26 19:19:48,223.63
1835,112,2024-08-23 05:51:25,365.81
1836,284,2025-09-20 07:16:37,233.55
1837,882,2024-04-10 00:58:31,359.64
1838,722,2022-10-24 05:07:17,328.49
1839,157,2025-10-09 00:01:39,327.58
1840,464,2025-03-17 07:16:02,46.39
1841,449,2025-11-11 10:50:04,160.91
1842,834,2024-03-06 23:30:10,280.76
1843,650,2021-06-28 19:31:42,337.48
1844,358,2025-04-10 02:43:15,336.05
1845,120,2023-02-07 20:02:54,195.82
1846,396,2021-07-20 09:39:32,353.93
1847,673,2023-04-07 23:19:22,58.16
1848,385,2022-06-16 15:28:18,331.47
1849,833,2024-01-26 00:39:12,43.49
1850,780,2021-04-05 02:27:42,265.37
1851,943,2022-08-21 06:56:06,225.17
1852,865,2023-01-30 07:04:32,308.07
1853,716,2022-12-22 11:37:03,309.95
1854,281,2023-08-29 20:51:58,215.49
1855,269,2025-04-17 03:19:12,397.78
1856,492,2024-07-17 02:15:17,366.42
1857,432,2023-05-20 23:32:58,113.23
1858,811,2025-07-31 04:52:11,248.31
1859,849,2024-09-07 04:59:17,385.02
1860,129,2023-11-03 18:56:35,78.55
1861,672,2021-05-22 22:31:33,188.74
1862,270,2022-03-30 11:29:45,47.02
1863,87,2024-04-18 16:36:06,181.95
1864,413,2024-05-27 05:22:33,256.86
1865,459,2021-05-22 05:13:21,128.57
1866,402,2021-08-16 13:52:26,131.71
1867,529,2024-04-25 09:12:58,101.42
1868,217,2022-12-07 14:10:17,234.11
1869,720,2022-09-16 05:10:36,396.72
1870,80,2023-06-30 01:31:19,228.01
1871,844,2021-05-24 13:21:09,129.4
1872,383,2023-01-26 02:54:41,162.85
1873,357,2022-05-21 21:39:52,149.97
1874,5,2025-09-20 18:04:49,84.12
1875,125,2025-08-23 15:42:23,74.04
1876,202,2025-03-14 10:28:37,384.47
1877,389,2023-05-09 16:18:37,304.56
1878,379,2021-11-29 21:01:08,82.39
1879,924,2023-09-05 15:13:16,127.34
1880,787,2025-06-21 14:32:00,80.63
1881,645,2022-05-24 12:36:44,30.7
1882,760,2025-09-04 06:07:14,190.48
1883,9,2023-09-23 11:52:45,182.85
1884,88,2023-06-24 19:27:57,174.98
1885,93,2023-01-01 10:11:42,308.47
1886,706,2021-08-26 04:33:40,299.18
1887,941,2022-09-06 17:42:09,104.25
1888,55,2024-07-01 08:45:52,160.32
1889,518,2021-11-06 02:11:14,387.0
1890,20,2021-07-25 21:57:08,217.81
1891,655,2023-05-12 07:47:42,311.89
1892,116,2025-06-28 00:32:13,140.49
1893,504,2023-09-29 12:56:18,313.18
1894,258,2023-09-15 23:44:51,377.52
1895,643,2025-04-05 06:06:44,145.37
1896,554,2022-01-18 10:27:51,315.32
1897,933,2022-11-30 03:53:59,47.36
1898,455,2025-03-19 09:01:36,80.91
1899,844,2023-03-26 16:36:38,353.82
1900,310,2024-02-19 10:39:52,85.95
1901,679,2022-08-20 14:32:04,266.36
1902,371,2021-10-01 08:10:47,206.81
1903,97,2025-10-16 17:12:15,19.76
1904,933,2021-07-12 00:55:26,226.68
1905,492,2022-04-19 04:56:19,365.02
1906,117,2021-05-11 18:32:54,188.48
1907,293,2024-07-30 05:46:35,276.11
1908,9,2021-04-13 21:44:19,321.0
1909,767,2022-05-26 00:47:38,268.09
1910,912,2024-01-26 12:08:15,342.38
1911,399,2022-06-26 18:15:01,337.56
1912,829,2025-01-12 22:14:57,74.62
1913,935,2024-01-26 14:03:54,61.48
1914,589,2022-12-11 23:13:15,245.18
1915,247,2022-07-19 03:13:07,95.47
1916,948,2022-11-10 13:24:20,157.55
1917,528,2024-12-27 14:08:56,243.78
1918,65,2025-03-05 17:37:43,168.26
1919,976,2023-01-24 17:22:29,319.06
1920,467,2025-05-30 00:58:13,351.4
1921,256,2024-09-24 00:26:35,146.74
1922,4,2025-02-07 11:11:43,167.63
1923,642,2024-05-03 23:07:01,242.94
1924,781,2023-05-09 17:03:47,383.37
1925,423,2022-09-09 11:34:54,330.46
1926,62,2023-04-21 04:37:21,175.89
1927,340,2025-04-06 04:22:52,69.42
1928,249,2021-07-09 12:01:57,264.98
1929,680,2024-06-05 20:21:24,88.79
1930,116,2024-02-13 02:45:43,103.31
1931,711,2024-02-17 22:58:55,241.15
1932,834,2024-12-24 05:19:07,389.82
1933,296,2022-03-11 07:25:19,386.64
1934,590,2025-08-08 12:38:00,293.5
1935,735,2023-04-24 19:47:45,41.01
1936,500,2025-04-29 21:06:23,200.32
1937,920,2021-06-22 14:18:52,51.55
1938,574,2021-04-02 14:35:29,108.36
1939,805,2023-03-25 16:57:15,250.0
1940,954,2021-03-03 07:18:26,32.49
1941,600,2025-07-04 19:32:13,344.5
1942,423,2022-08-26 10:09:24,231.63
1943,572,2025-03-16 17:57:08,385.51
1944,678,2023-05-03 17:47:21,376.47
1945,718,2022-06-05 18:09:42,236.24
1946,388,2021-10-25 23:12:20,270.69
1947,89,2025-01-27 04:01:23,319.35
1948,428,2024-04-27 07:53:50,64.35
1949,135,2025-12-19 18:13:25,223.29
1950,602,2021-07-25 16:45:33,293.6
1951,339,2021-04-22 16:34:25,270.68
1952,795,2022-03-05 16:41:08,352.33
1953,898,2022-10-31 13:36:12,98.77
1954,326,2025-02-02 22:23:10,389.22
1955,231,2024-01-04 17:57:29,340.02
1956,184,2023-05-25 14:06:25,59.61
1957,853,2024-03-15 03:10:54,88.67
1958,522,2021-06-18 17:50:34,202.29
1959,999,2025-09-20 10:45:00,189.7
1960,915,2024-11-23 19:16:13,108.73
1961,628,2022-01-25 14:05:25,159.31
1962,948,2024-06-05 10:08:03,53.72
1963,697,2021-09-01 01:30:22,371.83
1964,212,2023-04-08 06:30:02,309.83
1965,501,2025-11-27 14:23:16,163.03
1966,496,2023-03-30 19:09:24,277.33
1967,125,2023-09-02 06:46:06,200.36
1968,210,2023-05-10 00:21:08,347.92
1969,263,2023-04-18 14:26:42,68.77
1970,774,2022-02-26 20:55:51,356.98
1971,738,2024-10-25 11:56:43,311.99
1972,151,2025-04-20 09:15:16,217.7
1973,137,2025-03-26 11:15:43,262.3
1974,181,2023-05-22 15:18:10,147.8
1975,275,2021-11-27 19:56:33,377.14
1976,563,2022-07-04 04:19:06,26.87
1977,859,2024-01-23 22:08:19,31.45
1978,197,2025-07-04 20:10:06,318.89
1979,756,2021-10-05 07:34:24,40.41
1980,314,2023-11-14 06:28:44,354.46
1981,425,2025-07-25 11:06:12,291.39
1982,185,2025-02-18 01:11:12,42.2
1983,117,2024-02-05 19:38:20,148.29
1984,273,2023-07-27 04:17:11,339.86
1985,194,2025-01-09 19:22:55,197.32
1986,553,2024-07-26 14:55:12,182.82
1987,845,2025-07-14 03:59:29,379.96
1988,90,2022-07-01 05:53:10,217.24
1989,978,2021-05-11 10:35:22,282.73
1990,553,2023-10-23 14:37:47,110.39
1991,998,2022-07-06 22:16:00,348.97
1992,286,2024-10-30 05:53:40,192.56
1993,86,2022-10-10 06:14:23,67.09
1994,137,2024-02-08 00:13:16,335.3
1995,649,2024-06-21 23:52:05,43.46
1996,374,2023-01-01 05:50:16,96.09
1997,617,2022-07-01 19:37:41,340.4
1998,293,2025-04-20 10:55:39,274.67
1999,757,2022-06-01 21:24:14,112.62
2000,453,2023-05-15 05:24:56,74.82
2001,874,2024-11-13 12:52:03,282.99
2002,142,2022-10-15 08:51:51,136.08
2003,777,2025-10-06 07:45:53,240.97
2004,720,2024-02-02 16:51:13,221.2
2005,864,2023-02-01 15:35:42,359.28
2006,495,2023-09-23 03:31:24,326.03
2007,124,2025-05-30 17:09:58,51.58
2008,362,2022-10-12 15:12:00,372.81
2009,842,2022-09-21 09:19:44,210.26
2010,267,2022-02-04 15:26:13,93.4
2011,847,2022-07-21 02:37:38,24.26
2012,616,2025-06-20 15:36:45,82.69
2013,911,2024-10-27 23:13:45,380.8
2014,317,2021-05-01 12:36:35,32.34
2015,706,2024-09-13 15:40:16,333.36
2016,366,2021-04-02 12:53:58,146.45
2017,312,2023-07-02 13:04:56,219.82
2018,494,2023-02-19 13:40:02,94.98
2019,138,2025-06-28 01:00:29,242.66
2020,187,2024-06-22 23:09:28,183.95
2021,114,2025-02-18 06:08:36,41.84
2022,778,2024-05-01 20:35:06,364.8
2023,781,2021-06-06 05:42:28,369.56
2024,379,2022-09-04 01:00:26,338.9
2025,689,2025-09-11 01:58:41,154.88
2026,338,2021-10-19 06:12:19,291.49
2027,230,2025-11-20 00:40:02,179.13
2028,708,2021-10-26 16:36:33,378.06
2029,48,2024-04-23 14:38:39,149.04
2030,195,2025-08-20 16:40:25,174.0
2031,605,2021-04-02 01:49:41,163.09
2032,592,2021-06-17 01:01:59,307.45
2033,424,2025-09-02 23:54:39,135.4
2034,265,2025-09-12 23:47:06,27.67
2035,247,2023-04-25 22:36:39,126.13
2036,262,2021-08-06 16:45:20,149.47
2037,879,2021-02-02 16:21:55,156.29
2038,38,2021-03-04 03:49:54,38.84
2039,594,2021-02-13 00:52:50,153.21
2040,760,2024-06-06 19:04:32,255.42
2041,387,2024-04-19 05:44:16,334.98
2042,14,2023-01-11 09:10:49,204.23
2043,725,2024-04-18 21:28:17,321.23
2044,565,2024-10-25 07:46:35,68.2
2045,497,2023-12-09 09:39:44,202.97
2046,889,2021-04-28 14:11:28,37.37
2047,127,2024-04-16 09:11:31,289.03
2048,933,2024-10-23 14:45:23,277.11
2049,98,2021-08-16 00:40:00,221.92
2050,966,2023-09-23 01:58:49,227.08
2051,992,2021-10-04 12:13:16,394.84
2052,872,2024-05-23 17:12:44,256.1
2053,921,2025-02-19 22:07:28,285.25
2054,97,2025-11-28 16:23:36,92.64
2055,216,2021-03-13 17:10:59,275.34
2056,823,2025-09-06 03:29:29,68.87
2057,929,2021-01-17 01:23:39,180.57
2058,507,2025-09-18 03:41:31,200.09
2059,891,2022-02-20 19:33:21,374.77
2060,556,2021-12-17 12:48:01,314.03
2061,701,2023-11-16 22:56:28,388.08
2062,845,2022-07-06 20:25:07,288.27
2063,467,2025-11-23 11:31:44,153.94
2064,131,2024-06-13 19:37:57,270.61
2065,153,2023-05-17 01:28:42,364.01
2066,492,2021-01-11 11:25:58,291.48
2067,459,2025-01-15 16:00:57,186.37
2068,786,2022-04-05 06:35:28,154.71
2069,362,2024-07-24 08:12:38,23.52
2070,957,2024-09-20 02:15:11,191.58
2071,428,2025-01-08 14:09:43,79.13
2072,167,2024-01-09 01:06:01,174.57
2073,102,2023-01-22 04:09:41,268.15
2074,222,2022-01-08 07:38:22,347.24
2075,370,2023-06-16 23:24:44,27.13
2076,590,2022-06-04 16:20:03,73.8
2077,277,2023-01-16 10:30:07,181.6
2078,584,2024-04-22 09:14:34,389.02
2079,691,2023-03-26 21:52:35,174.77
2080,682,2021-03-28 20:11:51,56.55
2081,226,2023-12-31 22:26:15,276.03
2082,481,2023-07-11 10:29:48,109.3
2083,696,2023-03-03 01:05:42,51.03
2084,346,2021-06-04 02:00:22,396.95
2085,690,2025-03-28 20:22:59,33.45
2086,693,2023-02-07 00:41:59,290.51
2087,674,2024-03-13 22:53:22,59.21
2088,405,2021-06-04 03:44:20,381.35
2089,496,2025-07-08 02:21:05,191.49
2090,400,2021-11-24 20:40:29,89.52
2091,293,2024-06-12 00:40:45,350.3
2092,15,2021-07-17 15:53:38,94.5
2093,196,2022-09-11 03:16:09,281.24
2094,221,2021-01-06 13:36:07,93.97
2095,374,2023-05-12 00:40:06,227.81
2096,775,2021-11-22 04:40:10,375.01
2097,699,2021-09-04 20:17:53,377.63
2098,777,2022-12-25 02:55:36,82.87
2099,162,2022-12-17 14:01:58,70.97
2100,410,2025-08-14 13:24:41,246.15
2101,204,2022-12-05 03:47:59,46.76
2102,206,2021-04-15 19:06:12,26.2
2103,960,2024-02-06 17:50:24,181.78
2104,762,2024-05-04 02:15:41,153.36
2105,369,2021-03-07 18:28:29,333.87
2106,356,2024-02-15 00:18:37,57.2
2107,469,2021-05-14 17:28:43,212.33
2108,929,2022-02-04 02:22:16,108.83
2109,952,2022-03-02 00:05:31,115.72
2110,936,2024-05-06 17:10:22,83.25
2111,862,2023-05-16 04:33:42,174.63
2112,418,2022-06-20 05:15:14,253.13
2113,947,2024-07-18 14:10:40,277.32
2114,353,2024-08-15 17:26:07,259.26
2115,112,2023-08-23 21:27:01,86.18
2116,530,2025-10-04 02:15:18,32.87
2117,613,2023-09-01 16:10:00,319.22
2118,751,2022-07-06 23:15:38,207.76
2119,218,2022-12-05 14:44:46,275.75
2120,35,2023-05-19 16:11:13,116.45
2121,867,2024-07-23 12:10:13,302.33
2122,36,2022-02-13 17:32:44,101.99
2123,993,2022-10-10 15:56:50,160.59
2124,667,2024-03-16 06:51:23,236.09
2125,562,2022-10-12 02:43:16,317.7
2126,342,2025-12-26 13:50:43,236.37
2127,536,2023-03-18 07:15:06,228.14
2128,408,2025-06-29 21:57:49,122.39
2129,74,2021-03-28 00:37:32,175.95
2130,611,2023-02-07 20:29:27,33.36
2131,339,2025-04-12 13:42:47,344.7
2132,794,2022-08-04 20:14:37,147.88
2133,700,2024-04-28 08:49:56,108.83
2134,320,2021-05-06 00:31:42,59.55
2135,546,2023-08-17 12:30:10,148.62
2136,199,2021-04-14 11:29:41,33.18
2137,93,2021-03-08 11:47:12,249.9
2138,253,2025-05-13 14:07:49,313.01
2139,489,2021-07-06 04:05:07,28.83
2140,724,2024-12-26 17:10:44,242.2
2141,581,2021-06-04 02:47:41,239.7
2142,564,2024-06-07 07:29:53,361.79
2143,833,2022-07-25 12:11:26,227.65
2144,247,2025-10-18 16:21:37,165.83
2145,192,2025-10-13 22:08:06,20.07
2146,914,2022-12-09 05:55:17,32.71
2147,785,2021-02-25 12:43:33,30.5
2148,920,2024-12-15 04:00:31,319.38
2149,57,2023-10-19 10:18:13,69.63
2150,816,2023-05-11 17:24:25,158.37
2151,556,2024-05-03 03:53:12,218.07
2152,10,2024-01-10 02:41:10,300.05
2153,45,2025-11-10 23:01:00,181.83
2154,888,2024-05-01 19:14:44,284.33
2155,459,2021-05-12 08:06:35,179.96
2156,773,2025-03-17 20:33:05,209.28
2157,170,2024-08-20 19:20:04,358.11
2158,277,2025-09-19 20:27:54,294.06
2159,239,2024-08-22 05:08:33,167.91
2160,671,2025-11-02 22:04:19,390.72
2161,692,2022-05-18 15:17:18,93.09
2162,50,2025-03-06 10:46:37,63.36
2163,804,2022-04-27 08:49:26,183.57
2164,843,2021-08-30 11:17:10,391.05
2165,321,2023-10-12 08:22:00,247.32
2166,988,2021-06-27 13:59:33,46.51
2167,709,2025-06-27 11:33:44,19.97
2168,395,2022-12-29 06:48:44,195.73
2169,165,2022-08-23 20:46:40,39.72
2170,973,2022-05-15 11:10:46,337.17
2171,465,2023-12-23 21:17:38,77.94
2172,110,2025-07-27 08:47:50,105.91
2173,153,2022-12-17 09:55:33,120.67
2174,192,2024-11-06 06:06:50,184.7
2175,255,2024-01-05 15:23:57,181.88
2176,417,2023-01-18 02:29:19,375.34
2177,872,2023-10-24 06:04:33,335.48
2178,835,2022-04-25 01:02:30,249.4
2179,499,2023-07-22 07:26:04,83.92
2180,155,2022-04-24 21:58:06,327.48
2181,967,2021-06-08 12:30:12,332.06
2182,362,2024-03-02 19:11:52,300.42
2183,64,2022-02-02 06:02:41,362.93
2184,455,2021-10-05 12:10:40,42.18
2185,568,2021-02-13 10:41:58,130.33
2186,463,2023-01-01 00:20:55,176.63
2187,132,2022-06-17 20:04:50,55.11
2188,882,2022-12-05 22:46:31,179.92
2189,579,2022-07-14 01:00:02,145.89
2190,678,2025-11-24 21:21:26,380.68
2191,968,2022-03-11 13:07:46,273.75
2192,352,2025-04-13 16:39:57,126.53
2193,632,2022-05-17 03:57:53,82.83
2194,209,2023-01-03 00:35:43,147.15
2195,705,2021-11-21 23:08:03,207.59
2196,219,2025-08-27 03:50:28,78.14
2197,557,2023-06-28 08:59:54,292.88
2198,95,2024-12-09 01:00:26,262.3
2199,84,2023-08-12 18:38:31,335.7
2200,916,2024-08-02 21:20:01,171.79
2201,976,2021-08-20 07:18:56,262.79
2202,223,2021-11-20 16:14:55,318.01
2203,823,2022-10-04 15:19:47,320.04
2204,850,2021-05-12 05:03:25,53.96
2205,782,2022-09-19 00:15:51,222.13
2206,652,2023-03-29 17:49:16,25.26
2207,211,2021-05-21 15:56:10,184.34
2208,92,2023-03-20 14:42:42,360.72
2209,812,2024-11-10 16:50:51,50.49
2210,190,2022-08-04 13:23:45,32.8
2211,304,2023-10-16 14:21:30,85.07
2212,289,2025-05-24 00:03:45,54.51
2213,562,2025-06-05 11:29:32,264.86
2214,385,2023-09-23 08:26:18,353.76
2215,296,2022-08-26 07:54:37,164.94
2216,458,2023-07-12 19:12:16,314.73
2217,592,2022-06-28 03:44:01,156.5
2218,201,2023-05-08 02:58:28,351.57
2219,36,2022-05-25 18:58:41,277.85
2220,252,2022-12-31 09:29:42,164.01
2221,188,2022-06-04 07:26:55,220.52
2222,442,2023-03-30 01:27:32,155.08
2223,145,2022-10-21 14:22:36,100.05
2224,819,2021-07-01 18:43:29,274.58
2225,855,2024-09-06 18:52:50,119.81
2226,529,2023-02-09 03:58:46,60.66
2227,472,2024-09-28 05:57:26,380.19
2228,551,2022-07-07 23:15:16,73.75
2229,769,2023-10-21 00:12:47,40.31
2230,959,2021-07-16 11:49:26,260.84
2231,103,2024-01-05 01:52:22,249.1
2232,89,2025-01-21 09:44:47,159.72
2233,607,2025-10-11 00:12:16,385.84
2234,420,2021-01-30 17:14:22,308.37
2235,933,2024-09-02 08:17:54,97.53
2236,639,2024-05-06 08:14:05,381.26
2237,438,2022-04-27 17:33:18,315.85
2238,174,2024-08-13 02:48:53,178.58
2239,576,2025-03-17 06:10:22,91.28
2240,901,2023-10-14 00:21:43,112.79
2241,121,2023-03-12 04:58:29,265.54
2242,131,2021-01-09 09:26:32,357.98
2243,373,2021-08-07 18:41:47,59.1
2244,600,2024-08-18 21:21:51,219.2
2245,797,2025-02-15 13:30:45,216.04
2246,829,2021-07-30 04:27:56,397.25
2247,884,2023-04-25 02:09:45,183.74
2248,162,2025-11-20 19:32:05,280.16
2249,498,2021-09-07 19:18:12,15.34
2250,138,2025-01-22 22:44:12,100.19
2251,3,2022-10-05 01:47:37,200.74
2252,902,2022-04-03 21:33:02,239.11
2253,883,2023-09-28 16:49:57,30.56
2254,182,2024-07-05 07:23:45,181.12
2255,456,2024-06-17 10:53:07,305.71
2256,313,2021-06-14 05:48:14,169.02
2257,710,2023-01-16 06:24:52,53.23
2258,143,2023-06-16 22:35:01,205.71
2259,10,2024-02-10 19:18:11,244.16
2260,883,2021-09-10 11:41:59,282.89
2261,387,2025-10-30 20:12:04,115.99
2262,493,2025-02-03 23:08:34,386.27
2263,455,2025-03-03 13:14:03,151.19
2264,75,2025-11-18 03:01:36,196.49
2265,216,2025-08-02 04:55:11,95.57
2266,148,2022-05-15 13:54:20,171.96
2267,43,2021-03-01 11:01:57,270.82
2268,478,2025-07-19 14:07:51,324.23
2269,406,2021-04-08 23:04:51,123.88
2270,91,2021-02-28 20:05:18,135.36
2271,607,2024-04-10 04:21:00,35.7
2272,297,2023-02-27 22:47:04,353.14
2273,322,2022-09-28 20:16:04,29.83
2274,917,2025-08-25 19:05:10,176.13
2275,984,2024-10-28 23:08:33,144.05
2276,423,2022-10-26 21:42:40,151.1
2277,708,2021-01-09 22:38:03,156.87
2278,407,2026-01-02 05:48:16,189.25
2279,620,2023-05-13 08:35:25,27.44
2280,128,2021-08-30 20:27:19,83.86
2281,140,2024-01-25 09:52:33,385.6
2282,35,2023-06-04 22:26:31,369.69
2283,6,2022-04-24 07:16:07,303.93
2284,739,2025-05-16 11:52:51,99.52
2285,888,2024-06-28 03:22:30,237.98
2286,828,2022-07-12 15:12:47,366.46
2287,301,2025-03-01 18:56:33,383.95
2288,989,2022-07-19 15:21:49,333.37
2289,37,2023-05-15 17:54:33,39.3
2290,660,2024-12-10 09:53:45,287.04
2291,257,2022-12-27 13:12:58,340.55
2292,330,2021-02-06 12:34:40,345.04
2293,102,2021-02-14 20:16:58,350.47
2294,150,2024-02-13 19:15:35,318.01
2295,449,2025-05-22 21:04:22,178.61
2296,398,2022-12-15 04:17:55,51.67
2297,634,2023-10-04 03:46:47,326.05
2298,900,2023-10-04 12:47:21,125.69
2299,873,2022-12-14 06:48:36,377.02
2300,163,2023-09-03 11:01:05,364.77
2301,325,2025-09-30 00:14:56,20.84
2302,174,2025-10-11 01:26:14,251.81
2303,8,2023-04-28 12:24:00,212.11
2304,65,2022-08-17 04:45:35,15.78
2305,695,2023-09-22 05:40:25,136.66
2306,356,2024-03-02 19:26:16,362.53
2307,998,2025-09-17 17:15:02,364.39
2308,782,2022-07-19 00:41:55,271.59
2309,232,2025-10-20 00:47:39,349.11
2310,558,2022-06-30 20:20:08,366.31
2311,540,2021-07-12 17:06:20,137.23
2312,999,2026-01-02 19:35:35,269.93
2313,550,2021-08-16 15:22:02,51.75
2314,944,2024-03-27 12:25:54,180.14
2315,894,2025-08-09 02:28:54,26.79
2316,578,2021-08-13 10:40:27,299.94
2317,562,2023-10-15 12:32:39,267.79
2318,605,2024-12-12 10:46:42,87.1
2319,105,2022-03-01 02:54:27,259.75
2320,884,2021-08-19 13:58:43,362.51
2321,29,2025-09-04 19:59:17,349.67
2322,577,2025-02-06 02:48:21,221.19
2323,264,2021-12-07 11:46:03,37.71
2324,485,2021-07-09 14:27:57,164.98
2325,735,2025-02-02 23:09:00,311.71
2326,133,2023-07-15 09:51:07,357.36
2327,407,2024-03-29 14:52:40,305.66
2328,998,2022-11-05 10:33:55,55.43
2329,722,2024-05-26 05:42:42,195.66
2330,365,2021-05-29 10:08:00,42.9
2331,732,2023-06-01 05:10:15,151.03
2332,572,2021-06-19 06:58:21,189.81
2333,11,2024-09-03 02:41:56,104.23
2334,650,2022-06-13 08:57:34,155.74
2335,159,2022-02-28 17:46:40,399.72
2336,188,2021-05-06 15:30:59,254.13
2337,300,2025-01-13 14:29:45,158.86
2338,658,2024-04-23 21:43:49,295.89
2339,372,2024-03-20 03:18:41,275.86
2340,8,2025-12-24 00:02:18,120.87
2341,84,2024-10-23 02:17:18,25.14
2342,217,2021-08-14 00:22:34,165.38
2343,267,2024-06-29 15:12:36,284.46
2344,143,2022-03-13 01:06:22,172.48
2345,352,2021-04-30 17:32:41,193.01
2346,787,2022-04-03 20:09:54,303.35
2347,692,2021-04-13 12:40:49,207.41
2348,655,2023-03-02 10:03:38,337.65
2349,156,2021-12-03 21:22:14,175.06
2350,697,2021-07-20 23:44:02,130.98
2351,315,2021-10-07 19:54:26,395.25
2352,615,2025-09-04 08:05:46,238.01
2353,516,2023-08-25 01:02:33,308.5
2354,273,2024-11-20 08:07:26,151.84
2355,621,2022-02-19 15:34:21,200.94
2356,51,2022-11-29 06:52:41,125.97
2357,780,2021-08-13 22:00:43,235.82
2358,324,2021-05-20 09:35:48,167.89
2359,942,2025-04-03 22:11:28,102.51
2360,622,2025-05-17 05:18:09,124.34
2361,618,2023-03-08 06:25:13,232.71
2362,542,2025-07-11 02:48:04,399.01
2363,861,2023-07-26 04:38:06,212.57
2364,760,2025-01-27 23:13:38,253.48
2365,549,2025-03-03 22:09:41,259.89
2366,850,2023-02-22 08:47:19,170.13
2367,43,2025-03-07 10:00:57,228.9
2368,799,2025-08-01 01:01:39,154.44
2369,864,2023-11-10 10:32:37,282.11
2370,377,2025-03-06 14:51:13,331.21
2371,256,2024-10-31 09:19:24,44.37
2372,601,2023-10-23 09:08:37,81.49
2373,145,2022-10-26 00:48:49,77.29
2374,443,2021-07-16 23:22:55,136.87
2375,523,2024-10-27 12:05:49,126.86
2376,486,2022-03-25 08:43:37,108.19
2377,695,2025-09-01 00:40:24,189.09
2378,449,2023-10-27 07:12:06,92.76
2379,162,2026-01-05 22:43:19,260.12
2380,90,2023-01-12 09:40:17,211.6
2381,234,2023-10-13 22:46:17,91.67
2382,702,2025-07-28 15:52:38,374.47
2383,789,2023-12-11 10:25:51,41.43
2384,64,2023-11-25 03:11:19,26.91
2385,750,2022-06-07 01:26:48,387.19
2386,719,2025-10-23 05:02:23,172.41
2387,766,2021-06-29 15:55:32,197.51
2388,956,2021-07-01 17:30:00,102.18
2389,626,2025-08-17 13:19:40,396.16
2390,175,2021-05-20 03:25:00,225.35
2391,709,2021-09-12 21:15:08,376.86
2392,152,2024-05-26 12:52:13,355.68
2393,728,2025-03-02 11:52:34,373.34
2394,361,2025-09-23 11:29:37,36.22
2395,669,2022-07-28 20:32:09,134.82
2396,22,2021-12-12 11:41:01,223.75
2397,395,2023-12-16 16:50:22,220.59
2398,455,2024-12-14 13:54:05,299.37
2399,935,2025-03-20 22:03:08,233.12
2400,469,2022-09-03 01:29:39,81.72
2401,77,2022-11-24 07:47:08,360.32
2402,65,2025-05-07 05:37:39,389.35
2403,428,2023-09-02 01:31:26,264.32
2404,319,2021-10-09 09:05:27,15.79
2405,968,2022-02-21 14:28:50,123.0
2406,538,2025-12-29 03:17:31,113.5
2407,488,2022-03-30 13:20:33,369.84
2408,431,2021-05-08 08:06:22,230.61
2409,350,2025-10-05 01:19:31,209.37
2410,483,2023-10-30 16:07:20,76.92
2411,497,2024-07-30 01:04:01,16.25
2412,768,2024-07-16 02:31:29,46.82
2413,798,2022-10-01 12:42:06,225.16
2414,43,2024-02-18 11:50:31,119.81
2415,476,2025-07-30 06:56:21,45.82
2416,935,2025-02-07 22:25:34,367.1
2417,833,2025-02-19 09:07:47,172.43
2418,173,2021-07-24 18:05:33,188.47
2419,723,2023-06-08 09:51:22,379.55
2420,239,2024-03-30 14:06:43,324.08
2421,468,2022-04-25 00:46:58,167.89
2422,326,2023-02-27 07:56:57,191.67
2423,928,2022-04-18 14:22:13,233.38
2424,414,2022-02-13 15:25:51,290.84
2425,513,2021-04-17 06:33:10,139.68
2426,761,2024-12-03 07:39:04,31.75
2427,865,2022-05-25 17:40:03,150.84
2428,948,2023-01-23 14:20:50,95.74
2429,301,2021-07-02 04:15:56,265.39
2430,894,2024-01-28 10:47:04,42.72
2431,584,2025-06-06 18:06:42,156.41
2432,489,2024-06-13 06:33:55,394.34
2433,102,2022-09-14 06:08:01,16.72
2434,614,2025-06-11 01:15:56,97.2
2435,468,2024-03-22 13:33:50,117.32
2436,50,2025-01-07 14:59:47,244.9
2437,560,2024-04-21 05:35:04,112.66
2438,479,2021-06-14 05:42:42,373.67
2439,103,2021-01-18 11:38:36,386.94
2440,263,2021-07-04 01:57:10,246.06
2441,592,2022-03-22 21:27:51,227.3
2442,53,2023-03-25 06:31:37,393.99
2443,559,2022-10-26 09:38:28,57.63
2444,147,2021-11-22 09:38:08,355.61
2445,656,2022-03-06 21:21:13,295.49
2446,583,2021-09-03 10:11:52,208.87
2447,430,2022-09-17 04:52:27,15.77
2448,732,2024-04-03 10:57:47,302.96
2449,963,2021-08-06 12:18:38,288.5
2450,857,2022-07-27 06:11:11,308.34
2451,890,2025-06-09 05:37:30,171.18
2452,709,2024-04-30 08:49:17,64.54
2453,867,2022-01-20 12:14:43,57.01
2454,65,2025-05-20 05:00:05,383.42
2455,115,2024-01-01 03:09:26,229.82
2456,875,2023-10-27 14:02:57,53.09
2457,524,2023-11-17 04:21:59,180.96
2458,41,2021-04-20 19:03:46,283.87
2459,743,2023-07-14 00:43:49,112.45
2460,81,2025-09-25 08:10:53,275.34
2461,450,2021-11-29 23:24:25,259.86
2462,446,2025-12-19 08:19:08,208.1
2463,207,2025-09-20 23:21:39,348.72
2464,767,2024-09-12 17:11:12,57.64
2465,19,2023-01-28 08:45:42,119.62
2466,507,2024-08-31 02:25:11,280.74
2467,132,2025-04-15 18:25:27,189.71
2468,267,2023-03-17 08:21:29,226.5
2469,481,2022-03-22 16:05:44,349.53
2470,360,2022-07-24 02:00:05,236.82
2471,829,2025-02-02 08:33:43,275.08
2472,300,2023-05-01 20:22:37,106.38
2473,331,2025-12-19 13:16:41,306.6
2474,715,2024-01-27 23:37:51,54.64
2475,750,2023-07-01 16:33:40,281.36
2476,813,2025-04-11 14:46:31,155.87
2477,438,2025-09-27 21:12:05,294.8
2478,38,2022-06-05 18:37:43,47.56
2479,469,2021-06-27 03:12:46,379.1
2480,563,2021-10-10 14:55:32,143.84
2481,117,2022-11-27 00:25:19,218.7
2482,199,2024-06-12 09:34:59,124.73
2483,197,2021-05-27 09:17:52,49.92
2484,884,2021-02-23 23:38:31,261.9
2485,24,2025-09-03 07:30:37,283.95
2486,964,2025-07-03 09:26:05,320.57
2487,847,2021-09-07 22:52:40,236.63
2488,101,2023-04-28 07:54:52,391.49
2489,190,2025-03-27 04:36:00,158.86
2490,476,2024-01-07 03:52:07,224.18
2491,387,2021-03-23 20:50:19,207.98
2492,133,2024-03-25 05:34:11,21.11
2493,739,2022-01-28 01:33:44,45.35
2494,151,2024-03-13 05:27:43,65.44
2495,401,2023-05-11 16:10:39,355.41
2496,386,2021-10-24 16:45:43,293.92
2497,76,2021-08-11 20:26:44,131.35
2498,970,2021-10-02 17:11:59,267.61
2499,920,2024-08-07 19:56:14,306.61
2500,215,2025-02-07 23:58:36,327.01
